{
  "data": {
    "serviceName": "sis-synchronizer",
    "model": "default",
    "version": "13.1.0",
    "description": "A SCIM server to synchronize users when we are federating authentication.",
    "framework": false,
    "highAvailability": true,
    "permissions": {
      "enabled": true,
      "policies": [
        "K8sApplicationRole(id ${Application.name})"
      ]
    },
    "healthChecks": {
      "tcp": [],
      "http": [
        {
          "gracePeriodSeconds": 5,
          "intervalSeconds": 15,
          "maxConsecutiveFailures": 25,
          "timeoutSeconds": 10,
          "port": 18080,
          "ignoreHttp1xx": false,
          "path": "health"
        }
      ],
      "command": []
    },
    "networking": {
      "expose": [
        {
          "portIndex": 0,
          "vhost": "${gosecServerHost}",
          "path": "/service/${Application.name}",
          "includePortName": false,
          "redirectHttpToHttps": true,
          "contextPath": "false",
          "sticky": false,
          "external": true,
          "schema": "https",
          "nginx.ingress.kubernetes.io/backend-protocol": "HTTPS",
          "nginx.ingress.kubernetes.io/rewrite-target": "/$2",
          "nginx.ingress.kubernetes.io/schema": "https"
        },
        {
          "portIndex": 1,
          "vhost": "${gosecServerHost}",
          "external": false
        }
      ],
      "network": {
        "networkType": "user",
        "ports": [
          {
            "servicePort": 0,
            "protocol": "tcp",
            "name": "http",
            "labels": {},
            "containerPort": 8443
          },
          {
            "servicePort": 0,
            "protocol": "tcp",
            "name": "metrics",
            "labels": {
              "metrics_path": "/prometheus"
            },
            "containerPort": 18080
          }
        ],
        "requirePorts": false
      }
    },
    "container": {
      "runners": [
        {
          "id": "com.stratio.tais.persistence.model.service.container.DockerRunner",
          "typeClass": "com.stratio.tais.persistence.model.service.container.DockerRunner",
          "image": "${eos.dockerRegistry}/sis-synchronizer:0.3.3",
          "forcePullImage": false,
          "privileged": false,
          "parameters": []
        }
      ],
      "volumes": []
    },
    "secrets": {
      "appRole": "role",
      "secretRole": "${approlename}"
    },
    "uninstall": {
      "secrets": true
    },
    "postInstall": [],
    "prerequisites": []
  },
  "parameters": {
    "type": "object",
    "additionalProperties": false,
    "properties": {
      "general": {
        "type": "object",
        "additionalProperties": false,
        "ui": null,
        "name": "general",
        "title": "General",
        "description": "In this tab you can configure the default deployment of sis-synchronizer, by default your are going to deploy a sis-synchronizer instance with TLS for the transport layer and for authentication.",
        "properties": {
          "realmId": {
            "description": "Realm ID which autoassigns identities",
            "type": "string",
            "required": false,
            "readOnly": false,
            "application": false,
            "level": 1,
            "internalName": "REALM_ID",
            "ui": {
              "updatable": true
            },
            "pattern": "^(?:[a-zA-Z])+(?:[a-zA-Z0-9])*$",
            "title": "Realm ID",
            "default": "INTERNAL"
          },
          "gosecTenantId": {
            "description": "Tenant ID which autoassigns identities",
            "type": "string",
            "required": false,
            "readOnly": false,
            "application": false,
            "level": 1,
            "internalName": "GOSEC_TENANT_ID",
            "default": "",
            "ui": {
              "updatable": true
            },
            "title": "Tenant ID which autoassigns identities"
          },
          "serviceId": {
            "description": "Service ID",
            "type": "string",
            "maxLength": 63,
            "minLength": 3,
            "ui": {
              "updatable": false
            },
            "required": true,
            "readOnly": false,
            "level": 1,
            "application": true,
            "internalName": "SERVICE_ID",
            "title": "Service ID",
            "default": "sis-synchronizer",
            "pattern": "(.+)+$"
          },
          "gosecServerHost": {
            "description": "URL host to access to your Gosec instance.",
            "type": "string",
            "minimum": 1,
            "required": true,
            "readOnly": false,
            "application": false,
            "level": 1,
            "internalName": "VIRTUAL_HOST",
            "examples": [
              "admin.k8s.eight.labs.stratio.com"
            ],
            "ui": {
              "updatable": false
            },
            "default": "${admin_fqdn}",
            "title": "URI host"
          },
          "identity": {
            "type": "object",
            "additionalProperties": false,
            "ui": null,
            "name": "identity",
            "title": "Service Identity",
            "description": "In this section you can identify the service",
            "properties": {
              "approlename": {
                "description": "App role used to recover a Vault token with a pre-defined policy",
                "type": "string",
                "required": true,
                "readOnly": false,
                "application": false,
                "level": 1,
                "internalName": "VAULT_ROLE",
                "ui": {
                  "updatable": true
                },
                "title": "Vault role",
                "default": "${Application.domain}-${Application.name}"
              }
            },
            "required": [
              "approlename"
            ]
          },
          "resources": {
            "type": "object",
            "additionalProperties": false,
            "ui": {
              "component": "accordion"
            },
            "name": "resources",
            "title": "Resources",
            "description": "In this section you can assign the resources of sis-synchronizer for its deployment.",
            "properties": {
              "INSTANCES": {
                "description": "Instances for the service",
                "type": "number",
                "minimum": 0,
                "required": true,
                "readOnly": false,
                "application": true,
                "level": 1,
                "internalName": "INSTANCES",
                "title": "Instances",
                "default": 1
              },
              "MEM": {
                "description": "Memory for the service",
                "type": "number",
                "required": true,
                "readOnly": false,
                "application": true,
                "level": 1,
                "internalName": "MEM",
                "title": "Memory (MB)",
                "default": 1024
              },
              "CPUs": {
                "description": "CPUs for the service",
                "type": "number",
                "required": true,
                "readOnly": false,
                "application": true,
                "level": 1,
                "internalName": "CPUs",
                "title": "CPUs",
                "default": 1
              },
              "DISK": {
                "description": "Disk for the service",
                "type": "number",
                "required": false,
                "readOnly": false,
                "application": true,
                "level": 2,
                "internalName": "DISK",
                "title": "Disk for the service",
                "default": 0
              },
              "GPUs": {
                "description": "GPUs for the service",
                "type": "number",
                "required": false,
                "readOnly": false,
                "application": true,
                "level": 2,
                "internalName": "GPUs",
                "title": "GPUs for the service",
                "default": 0
              }
            },
            "required": [
              "INSTANCES",
              "MEM",
              "CPUs"
            ]
          }
        },
        "required": [
          "serviceId"
        ]
      },
      "environment": {
        "type": "object",
        "additionalProperties": false,
        "ui": null,
        "name": "environment",
        "title": "Environment",
        "description": "Environment",
        "properties": {
          "vault": {
            "type": "object",
            "additionalProperties": false,
            "ui": null,
            "name": "vault",
            "title": "Vault",
            "description": "vault",
            "properties": {
              "stringVaultHost": {
                "description": "Host where the Vault is running on",
                "type": "string",
                "readOnly": true,
                "application": false,
                "level": 1,
                "default": "${globals.vault.vaultHost}",
                "internalName": "STRING_VAULT_HOST",
                "title": "Vault host"
              },
              "paasVersion": {
                "description": "paasVersion",
                "type": "string",
                "readOnly": true,
                "application": false,
                "level": 1,
                "default": "KEOS",
                "internalName": "PAAS_VERSION",
                "title": "PAAS_VERSION"
              },
              "instanceVault": {
                "description": "Instance",
                "type": "string",
                "readOnly": true,
                "application": false,
                "level": 1,
                "default": "${serviceId}",
                "internalName": "INSTANCE",
                "title": "INSTANCE"
              },
              "vaultPort": {
                "description": "Port where the Vault is listening on",
                "type": "number",
                "readOnly": true,
                "application": false,
                "level": 1,
                "internalName": "VAULT_PORT",
                "title": "Vault port",
                "default": "${globals.vault.vaultPort}"
              },
              "retrieveFromVault": {
                "type": "boolean",
                "readOnly": false,
                "application": false,
                "level": 2,
                "internalName": "RETRIEVE_FROM_VAULT",
                "title": "Retrieve from vault",
                "default": true
              }
            },
            "required": []
          },
          "identities": {
            "type": "object",
            "additionalProperties": false,
            "ui": {
              "component": "accordion"
            },
            "name": "identities",
            "title": "identities",
            "description": "",
            "properties": {
              "identitiesUrl": {
                "description": "Identities URL",
                "type": "string",
                "required": false,
                "readOnly": true,
                "application": false,
                "level": 1,
                "internalName": "GOSEC_IDENTITIES_URL",
                "title": "Mi titulo",
                "default": "https://gosec-identities-daas.keos-core:8443/identities/"
              }
            },
            "required": []
          },
          "logs": {
            "type": "object",
            "additionalProperties": false,
            "ui": {
              "component": "accordion"
            },
            "name": "logs",
            "title": "Logs",
            "description": "In this section you can configure the log behaviour of sis-synchronizer.",
            "properties": {
              "logLevelRoot": {
                "type": "string",
                "readOnly": false,
                "application": false,
                "level": 1,
                "internalName": "LOG_LEVEL_ROOT",
                "title": "Log level root",
                "default": "INFO"
              },
              "logLevelSpring": {
                "type": "string",
                "readOnly": false,
                "application": false,
                "level": 1,
                "internalName": "LOG_LEVEL_SIS_SYNC",
                "title": "Log level sis synchronizer",
                "default": "INFO"
              },
              "logLevelGosecApi": {
                "type": "string",
                "readOnly": false,
                "application": false,
                "level": 1,
                "internalName": "LOG_LEVEL_SCIM",
                "title": "Log level scim library",
                "default": "INFO"
              }
            },
            "required": []
          },
          "scim": {
            "type": "object",
            "additionalProperties": false,
            "ui": {
              "component": "accordion"
            },
            "name": "scim",
            "title": "Scim",
            "description": "In this section you can configure the properties of SCIM behaviour",
            "properties": {
              "scimMaxResults": {
                "type": "number",
                "readOnly": false,
                "application": false,
                "level": 1,
                "internalName": "SCIM_MAX_RESULTS",
                "title": "Scim Max results per request",
                "default": 50
              },
              "scimMaxOperations": {
                "type": "number",
                "readOnly": true,
                "application": false,
                "level": 1,
                "internalName": "SCIM_MAX_OPERATIONS",
                "title": "SCIM max operations",
                "default": 10
              },
              "scimUidAttribute": {
                "type": "string",
                "readOnly": false,
                "application": false,
                "level": 1,
                "internalName": "SCIM_UID_ATTRIBUTE",
                "title": "User attribute that is used as UID in GoSec model",
                "default": "userName"
              },
              "scimGidAttribute": {
                "type": "string",
                "readOnly": false,
                "application": false,
                "level": 1,
                "internalName": "SCIM_GID_ATTRIBUTE",
                "title": "Group attribute that is used as GID in GoSec model",
                "default": "displayName"
              }
            },
            "required": []
          }
        },
        "required": []
      }
    }
  },
  "lifecycles": {
    "install": {
      "start": [
        {
          "label": "Print install start log",
          "type": "io/print",
          "text": "Lifecycle: Install/start"
        },
        {
          "label": "ServiceId: ${serviceId}  -  ApplicationId: ${Application.id}  -  Tenant: ${tenantId}  -  Namespace: ${k8sNamespace}  -  ClusterId: ${cluster_id}  -  Admin FQDN: ${admin_fqdn}",
          "type": "io/print",
          "text": "ServiceId: ${serviceId}  -  ApplicationId: ${Application.id}  - ApplicationName: ${Application.name}  -  Tenant: ${tenantId}  -  Namespace: ${k8sNamespace}  -  ClusterId: ${cluster_id}  -  Admin FQDN: ${admin_fqdn}"
        },
        {
          "label": "Init secrets creation log",
          "type": "io/print",
          "text": "------------- Instance secrets creation --------------"
        },
        {
          "label": "=> Secrets Creation during install: Creating cert",
          "type": "secret/certificate",
          "path": "/userland/certificates/${Application.id}",
          "secretName": "sis-synchronizer",
          "commonName": "${Application.id}",
          "altNames": "${serviceId}"
        },
        {
          "label": "=> install_start_secretsCreation_cookieSecret: Creating keystore",
          "type": "secret/password",
          "path": "/userland/passwords/${Application.id}",
          "secretName": "keystore",
          "password": "${randomString(10)}"
        },
        {
          "label": "=> install_start_secretsCreation_cookieSecret: Creating token",
          "type": "secret/password",
          "path": "/userland/passwords/${Application.id}",
          "secretName": "token",
          "password": "${randomString(10)}"
        },
        {
          "label": "End secrets creation log",
          "type": "io/print",
          "text": "------------- End identity secrets creation --------------"
        },
        {
          "type": "kubernetes/customresource/create",
          "apiVersion": "secrets.stratio.com/v1",
          "kind": "SecretsIdentity",
          "plural": "SecretsIdentities",
          "name": "${Application.name}",
          "namespace": "keos-core",
          "spec": "{\"bundles\":[\"${Application.name}\"],\"subject\":{\"kind\":\"ServiceAccount\",\"name\":\"${Application.name}\",\"namespace\":\"keos-core\"}}",
          "enabled": "true"
        }
      ],
      "install/pre": [
        {
          "label": "Print install pre task log",
          "type": "io/print",
          "text": "Printing install pre task log"
        }
      ],
      "install/post": [
        {
          "label": "Print install post task log",
          "type": "io/print",
          "text": "Printing install post task log"
        }
      ],
      "install/finalize": [
        {
          "label": "Print install finalize task log",
          "type": "io/print",
          "text": "Printing install finalize task log"
        }
      ],
      "finish": [
        {
          "label": "Print install finish log",
          "type": "io/print",
          "text": "Printing install finish log"
        }
      ]
    },
    "update": {
      "start": [
        {
          "label": "Print update start log",
          "type": "io/print",
          "text": "Printing update start log"
        }
      ],
      "update/pre": [
        {
          "label": "Print update pre task log",
          "type": "io/print",
          "text": "Printing update pre task log"
        }
      ],
      "update/post": [
        {
          "label": "Print update post task log",
          "type": "io/print",
          "text": "Printing update post task log"
        }
      ],
      "update/finalize": [
        {
          "label": "Print update finalize task log",
          "type": "io/print",
          "text": "Printing update finalize task log"
        }
      ],
      "finish": [
        {
          "label": "Print update finish log",
          "type": "io/print",
          "text": "Printing update finish log"
        }
      ]
    },
    "upgrade": {
      "start": [
        {
          "label": "Print upgrade start log",
          "type": "io/print",
          "text": "Printing upgrade start log"
        }
      ],
      "upgrade/pre": [
        {
          "label": "Print upgrade pre task log",
          "type": "io/print",
          "text": "Printing upgrade pre task log"
        }
      ],
      "upgrade/post": [
        {
          "label": "Print upgrade post task log",
          "type": "io/print",
          "text": "Printing upgrade post task log"
        }
      ],
      "upgrade/finalize": [
        {
          "label": "Print upgrade finalize task log",
          "type": "io/print",
          "text": "Printing upgrade finalize task log"
        }
      ],
      "finish": [
        {
          "label": "Print upgrade finish log",
          "type": "io/print",
          "text": "Printing upgrade finish log"
        }
      ]
    },
    "restart": {
      "start": [
        {
          "label": "Print restart start log",
          "type": "io/print",
          "text": "Printing restart start log"
        }
      ],
      "restart/pre": [
        {
          "label": "Print restart pre task log",
          "type": "io/print",
          "text": "Printing restart pre task log"
        }
      ],
      "restart/post": [
        {
          "label": "Print restart post task log",
          "type": "io/print",
          "text": "Printing restart post task log"
        }
      ],
      "restart/finalize": [
        {
          "label": "Print restart finalize task log",
          "type": "io/print",
          "text": "Printing restart finalize task log"
        }
      ],
      "finish": [
        {
          "label": "Print restart finish log",
          "type": "io/print",
          "text": "Printing restart finish log"
        }
      ]
    },
    "uninstall": {
      "start": [
        {
          "label": "Print uninstall start log",
          "type": "io/print",
          "text": "Printing uninstall start log"
        }
      ],
      "uninstall/pre": [
        {
          "label": "Print uninstall pre task log",
          "type": "io/print",
          "text": "Printing uninstall pre task log"
        }
      ],
      "uninstall/post": [
        {
          "label": "Print uninstall post task log",
          "type": "io/print",
          "text": "Printing uninstall post task log"
        }
      ],
      "uninstall/finalize": [
        {
          "label": "Print uninstall finalize task log",
          "type": "io/print",
          "text": "Printing uninstall finalize task log"
        }
      ],
      "finish": [
        {
          "label": "Print uninstall finish log",
          "type": "io/print",
          "text": "Printing uninstall finish log"
        }
      ]
    }
  }
}
