{
  "data": {
    "serviceName": "stratiobase",
    "model": "default",
    "version": "13.2.0",
    "description": "Stratio Base",
    "abstract": true
  },
  "parameters": {},
  "lifecycles": {
    "install": {
      "start": [
        {
          "label": "PIT LABELS",
          "type": "labels/upsert",
          "scope": "deployment",
          "labels": "[{\"key\":\"app.stratio.com/universe\", \"value\":\"13.2\"}]"
        }
      ]
    },
    "upgrade": {
      "start": [
        {
          "label": "PIT LABELS",
          "type": "labels/upsert",
          "scope": "deployment",
          "labels": "[{\"key\":\"app.stratio.com/universe\", \"value\":\"13.2\"}]"
        }
      ]
    }
  }
}
