{
  "data": {
    "serviceName": "mlmodel-server",
    "model": "default",
    "version": "13.2.0",
    "description": "Example to deploy Rocket ML Model services. Deploy prediction servers with or without Rocket API, is possible to provide serialized model artifacts from ULRs or included in the docker images on local path",
    "framework": false,
    "highAvailability": false,
    "container": {
      "runners": [
        {
          "typeClass": "com.stratio.tais.persistence.model.service.container.DockerRunner",
          "image": "${modelDockerImage}",
          "forcePullImage": true,
          "privileged": false
        }
      ],
      "volumes": []
    },
    "networking": {
      "expose": [],
      "network": {
        "networkType": "user",
        "ports": [
          {
            "id": "tcp_mlmodel",
            "servicePort": 8080,
            "protocol": "tcp",
            "name": "mlmodel",
            "labels": {},
            "containerPort": 8080
          }
        ],
        "requirePorts": false
      }
    },
    "healthChecks": {
      "tcp": [],
      "http": [],
      "command": [
        {
          "value": "/prediction-server/healthcheck.sh",
          "gracePeriodSeconds": 5,
          "intervalSeconds": 15,
          "maxConsecutiveFailures": 20,
          "timeoutSeconds": 20
        }
      ]
    },
    "secrets": {
      "appRole": "role",
      "secretRole": "${approlename}"
    },
    "dependencies": [],
    "permissions": {
      "enabled": true,
      "policies": [
        "K8sSingleRole(id ${Application.name}, apiGroups [''], resources [configmaps], verbs [get, list, watch])",
        "K8sServiceAccount(id ${Application.name}, role ${Application.name})"
      ]
    }
  },
  "parameters": {
    "type": "object",
    "additionalProperties": false,
    "properties": {
      "general": {
        "type": "object",
        "additionalProperties": false,
        "ui": {
          "component": "standard"
        },
        "name": "general",
        "title": "General",
        "description": "Tab to configure the ML Model service deployment.",
        "properties": {
          "serviceId": {
            "description": "Final path given to the service being deployed",
            "type": "string",
            "required": true,
            "readOnly": false,
            "application": true,
            "internalName": "SERVICE_ID",
            "ui": {
              "updatable": false
            },
            "title": "ML Model service name",
            "default": "mlmodel-service",
            "pattern": "^[a-z]([-a-z0-9]*[a-z0-9])?$",
            "maxLength": 55
          },
          "modelDockerImage": {
            "description": "The docker image used to deploy the model server.",
            "type": "string",
            "required": true,
            "readOnly": false,
            "application": true,
            "level": 1,
            "internalName": "MLMODEL_DOCKER_IMAGE",
            "title": "Docker image",
            "default": "${eos.dockerRegistry}/rocket-mlflow-microservice:3.1.1"
          },
          "serializationLibrary": {
            "description": "Serialization library used in training process.",
            "type": "string",
            "required": false,
            "readOnly": false,
            "application": false,
            "level": 1,
            "internalName": "SERIALIZATION_LIBRARY",
            "ui": {
              "updatable": false
            },
            "enum": [
              "mlflowproject",
              "mleap",
              "rocketAutoMl"
            ],
            "default": "mlflowproject",
            "title": "Serialization library"
          },
          "serializationLibraryVersion": {
            "description": "Serialization library version used in training process.",
            "type": "string",
            "required": false,
            "readOnly": false,
            "application": false,
            "level": 1,
            "internalName": "SERIALIZATION_LIBRARY_VERSION",
            "ui": {
              "updatable": false
            },
            "default": "",
            "title": "Serialization library version"
          },
          "provideModelStrategy": {
            "description": "Indicates how the Rocket ML Model is to be obtained. Using Rocket API, external file server indicating the URLs or using a Docker image containing the serialized model on a local path.",
            "type": "string",
            "required": true,
            "readOnly": false,
            "application": false,
            "level": 1,
            "internalName": "PROVIDE_MODEL_STRATEGY",
            "ui": {
              "updatable": false
            },
            "enum": [
              "EXTERNAL_URLS",
              "LOCAL",
              "ROCKET_API"
            ],
            "default": "EXTERNAL_URLS",
            "title": "Provide model strategy"
          },
          "rocketApiModelUrl": {
            "description": "Rocket API model URL used for download the serialized object.",
            "type": "string",
            "required": false,
            "readOnly": false,
            "application": false,
            "level": 1,
            "internalName": "ROCKET_API_MODEL_URL",
            "ui": {
              "updatable": false,
              "visible": {
                "provideModelStrategy": "ROCKET_API"
              }
            },
            "default": "",
            "title": "Rocket API URL"
          },
          "modelId": {
            "description": "Model id used for download the serialized model when using Rocket API.",
            "type": "string",
            "required": false,
            "readOnly": false,
            "application": false,
            "level": 1,
            "internalName": "MODEL_ID",
            "ui": {
              "updatable": false,
              "visible": {
                "provideModelStrategy": "ROCKET_API"
              }
            },
            "default": "",
            "title": "Model id"
          },
          "rocketModelUrls": {
            "description": "List of URL files used for download the serialized objects into /models path.",
            "type": "string",
            "required": false,
            "readOnly": false,
            "application": false,
            "level": 1,
            "internalName": "ROCKET_MODEL_URLS",
            "ui": {
              "updatable": false,
              "visible": {
                "provideModelStrategy": "EXTERNAL_URLS"
              }
            },
            "default": "",
            "title": "Model serialized object URLs (comma separated list)"
          },
          "unzipModel": {
            "description": "Unzip serialized model object. MLeap serializations don't need to be unzipped. When the serialized model is provided locally o downloaded from URLs, is possible than this action is not necessary.",
            "type": "boolean",
            "required": false,
            "readOnly": false,
            "application": false,
            "level": 1,
            "internalName": "UNZIP_MODEL",
            "ui": {
              "updatable": false
            },
            "default": true,
            "title": "Unzip Model (Needed in MLFlow serializations zipped)"
          },
          "serverPort": {
            "description": "Internal server port.",
            "type": "integer",
            "required": false,
            "readOnly": true,
            "application": false,
            "level": 2,
            "internalName": "PORT0",
            "ui": {
              "updatable": false
            },
            "default": 8080,
            "title": "Server port"
          },
          "resources": {
            "type": "object",
            "additionalProperties": false,
            "ui": {
              "component": "accordion"
            },
            "name": "resources",
            "title": "Server Resources",
            "description": "",
            "properties": {
              "INSTANCES": {
                "description": "Instances for the service",
                "type": "integer",
                "required": true,
                "readOnly": false,
                "application": true,
                "level": 1,
                "internalName": "INSTANCES",
                "title": "Instances",
                "default": 1
              },
              "CPUs": {
                "description": "CPUs for the service",
                "type": "integer",
                "required": true,
                "readOnly": false,
                "application": true,
                "level": 1,
                "internalName": "CPUs",
                "title": "CPUs",
                "default": 1
              },
              "MEM": {
                "description": "Memory for the service",
                "type": "integer",
                "required": true,
                "readOnly": false,
                "application": true,
                "level": 1,
                "internalName": "MEM",
                "title": "Memory (MB)",
                "default": 4096
              },
              "DISK": {
                "description": "Disk for the service",
                "type": "integer",
                "required": true,
                "readOnly": false,
                "application": true,
                "level": 2,
                "internalName": "DISK",
                "title": "Disk",
                "default": 0
              }
            },
            "required": [
              "INSTANCES",
              "CPUs",
              "MEM",
              "DISK"
            ]
          }
        },
        "required": []
      },
      "security": {
        "type": "object",
        "additionalProperties": false,
        "ui": {
          "component": "standard"
        },
        "name": "security",
        "title": "Security",
        "description": "",
        "properties": {
          "securityEnable": {
            "description": "Whether to enable security",
            "type": "boolean",
            "required": false,
            "readOnly": false,
            "application": false,
            "level": 1,
            "internalName": "SECURITY_ENABLED",
            "title": "Security enabled",
            "default": true
          },
          "encryptionEnable": {
            "description": "Whether to enable encryption policies in Vault or not",
            "type": "boolean",
            "required": true,
            "readOnly": false,
            "application": true,
            "internalName": "VAULT_ENCRYPTION_ENABLE",
            "title": "Vault policies encryption enabled",
            "default": false
          },
          "vaultEnable": {
            "description": "Security of Vault enabled.",
            "type": "boolean",
            "required": false,
            "readOnly": true,
            "application": false,
            "level": 2,
            "internalName": "VAULT_ENABLE",
            "ui": {
              "updatable": false
            },
            "title": "Vault enabled",
            "default": true
          },
          "vaultHosts": {
            "description": "Host list where vault is configured.",
            "type": "string",
            "maxLength": 100,
            "minLength": 3,
            "required": false,
            "readOnly": true,
            "application": false,
            "level": 2,
            "internalName": "VAULT_HOSTS",
            "ui": {
              "updatable": false
            },
            "default": "${globals.vault.vaultHost}",
            "title": "Vault hosts"
          },
          "vaultPort": {
            "description": "Port to reach vault.",
            "type": "integer",
            "minimum": 1,
            "required": false,
            "readOnly": true,
            "application": false,
            "level": 2,
            "internalName": "VAULT_PORT",
            "ui": {
              "updatable": false
            },
            "title": "Vault port",
            "default": "${globals.vault.vaultPort}"
          },
          "vaultProtocol": {
            "description": "Vault protocol.",
            "type": "string",
            "minimum": 1,
            "required": false,
            "readOnly": true,
            "application": false,
            "level": 2,
            "internalName": "VAULT_PROTOCOL",
            "ui": {
              "updatable": false
            },
            "title": "Vault protocol",
            "default": "https"
          },
          "approlename": {
            "description": "Vault AppRole.",
            "type": "string",
            "required": true,
            "readOnly": false,
            "application": false,
            "level": 2,
            "internalName": "VAULT_ROLE",
            "ui": {
              "updatable": false
            },
            "title": "Vault AppRole",
            "default": "${Application.domain}-${Application.name}"
          },
          "serviceAccountName": {
            "description": "Service account used to deploy",
            "type": "string",
            "required": true,
            "readOnly": true,
            "level": 2,
            "ui": {
              "updatable": false
            },
            "application": false,
            "internalName": "SERVICE_ACCOUNT_NAME",
            "title": "Service account name",
            "default": "fieldRef:spec.serviceAccountName:v1"
          },
          "assetIdentity": {
            "description": "Asset identity",
            "type": "string",
            "required": true,
            "readOnly": false,
            "level": 1,
            "ui": {
              "updatable": false
            },
            "application": false,
            "internalName": "ASSET_IDENTITY",
            "title": "Asset identity",
            "default": ""
          },
          "identityVaultPath": {
            "description": "Vault path",
            "type": "string",
            "required": true,
            "readOnly": false,
            "level": 1,
            "ui": {
              "updatable": false
            },
            "application": false,
            "internalName": "ASSET_IDENTITY_VAULT_PATH",
            "title": "Asset identity Vault path",
            "default": "${assetIdentity}.${Application.domain}"
          },
          "assetIdentityAlternativeSecretBundle": {
            "description": "Asset identity alternative secret bundle",
            "type": "string",
            "required": false,
            "readOnly": false,
            "level": 1,
            "ui": {
              "updatable": false
            },
            "application": true,
            "internalName": "ASSET_IDENTITY_ALTERNATIVE_SECRET_BUNDLE",
            "title": "Asset identity alternative secret bundle",
            "default": "${assetIdentity}-${Application.domain}"
          },
          "identityVaultCluster": {
            "description": "Vault cluster",
            "type": "string",
            "required": true,
            "readOnly": false,
            "level": 1,
            "ui": {
              "updatable": false
            },
            "application": false,
            "internalName": "IDENTITY_VAULT_CLUSTER_NAME",
            "title": "Identity vault cluster",
            "default": "userland"
          },
          "useDynamicAuthentication": {
            "description": "Whether or not use dynamic authentication.",
            "type": "boolean",
            "required": false,
            "readOnly": false,
            "application": false,
            "level": 2,
            "internalName": "USE_DYNAMIC_AUTHENTICATION",
            "ui": {
              "updatable": false
            },
            "title": "Use dynamic authentication",
            "default": true
          },
          "securityTlsEnable": {
            "description": "Use TLS security",
            "type": "boolean",
            "required": false,
            "readOnly": false,
            "application": false,
            "level": 1,
            "internalName": "MICROSERVICE_TLS_ENABLED",
            "ui": {
              "updatable": false
            },
            "title": "Enable TLS security",
            "default": true
          },
          "validateClientCert": {
            "description": "Validate client cert",
            "type": "boolean",
            "required": false,
            "readOnly": false,
            "application": false,
            "level": 1,
            "internalName": "MICROSERVICE_TLS_VALIDATE_CLIENT_CERT",
            "ui": {
              "updatable": false,
              "visible": {
                "securityTlsEnable": true
              }
            },
            "title": "Validate client cert",
            "default": true
          },
          "useCABundleLegacyOnly": {
            "description": "Whether or not to enforce legacy CA bundle retrieval. When set to `false`it will fallback to legacy mode if the new CABundle file is not found.",
            "type": "boolean",
            "required": false,
            "readOnly": false,
            "application": false,
            "level": 2,
            "internalName": "CABUNDLE_LEGACY_PATH_ONLY",
            "ui": {
              "updatable": false,
              "visible": {
                "securityTlsEnable": true
              }
            },
            "title": "Only use legacy CA bundle retrieval",
            "default": true
          },
          "condaCert": {
            "description": "Conda certificate",
            "type": "string",
            "required": false,
            "readOnly": false,
            "level": 2,
            "ui": {
              "updatable": false,
              "visible": {
                "securityTlsEnable": true
              }
            },
            "application": false,
            "internalName": "CONDA_SSL_VERIFY",
            "title": "Conda certificate",
            "default": "/miniconda/ssl/cacert.pem"
          },
          "pipCert": {
            "description": "Pip certificate",
            "type": "string",
            "required": false,
            "readOnly": false,
            "level": 2,
            "ui": {
              "updatable": false,
              "visible": {
                "securityTlsEnable": true
              }
            },
            "application": false,
            "internalName": "PIP_CERT",
            "title": "Pip certificate",
            "default": "/miniconda/ssl/cacert.pem"
          },
          "Conda": {
            "type": "object",
            "additionalProperties": false,
            "ui": {
              "component": "accordion"
            },
            "name": "Conda",
            "title": "Conda",
            "description": "Tab to configure Conda",
            "properties": {
              "createCondaEnvEnabled": {
                "description": "Create Conda environment",
                "type": "boolean",
                "required": false,
                "readOnly": false,
                "application": false,
                "level": 1,
                "internalName": "CREATE_CONDA_ENV",
                "ui": {
                  "updatable": false
                },
                "title": "Create Conda environment",
                "default": true
              },
              "condaOfflineEnabled": {
                "description": "Conda offline enabled",
                "type": "boolean",
                "required": false,
                "readOnly": false,
                "application": false,
                "level": 1,
                "internalName": "ROCKET_CONDA_OFFLINE_ENABLED",
                "ui": {
                  "updatable": false
                },
                "title": "Conda offline enabled",
                "default": false
              },
              "noCondaEnvName": {
                "description": "No Conda environment name",
                "type": "string",
                "required": false,
                "readOnly": false,
                "application": false,
                "level": 1,
                "internalName": "NO_CONDA_ENV_NAME",
                "ui": {
                  "updatable": false
                },
                "title": "No Conda environment name",
                "default": ""
              },
              "condaIndexUrls": {
                "description": "Environment variable (csv) with the url of the Conda channels",
                "type": "string",
                "required": false,
                "readOnly": false,
                "application": false,
                "level": 1,
                "internalName": "ROCKET_CONDA_EXTRA_REPO_URLS",
                "title": "Conda channels (urls)",
                "default": ""
              },
              "condaIndexVaultPaths": {
                "description": "Environment variable (csv) with the vault paths containing the secrets of the Conda channels",
                "type": "string",
                "required": false,
                "readOnly": false,
                "application": false,
                "level": 1,
                "internalName": "ROCKET_CONDA_EXTRA_REPO_VAULT_PATHS",
                "title": "Conda Repositories (vault paths)",
                "default": ""
              },
              "condaLogLevel": {
                "description": "Log level of conda.",
                "type": "string",
                "maxLength": 100,
                "minLength": 3,
                "required": false,
                "readOnly": false,
                "application": false,
                "level": 1,
                "internalName": "CONDA_VERBOSITY",
                "title": "Conda log level",
                "enum": [
                  "0",
                  "1",
                  "2",
                  "3"
                ],
                "default": "0"
              }
            }
          },
          "Pypi": {
            "type": "object",
            "additionalProperties": false,
            "ui": {
              "component": "accordion"
            },
            "name": "Pypi repositories",
            "title": "Pypi repositories",
            "description": "Tab to configure connection to external Pypi repositories",
            "properties": {
              "pypiExtraIndexUrls": {
                "description": "Environment variable (csv) with the url of the PyPI repositories. Please, replace the default (https://pypi.org/simple) to work offline",
                "type": "string",
                "required": false,
                "readOnly": false,
                "application": false,
                "level": 1,
                "internalName": "ROCKET_PIP_EXTRA_REPO_URLS",
                "title": "Pip Repositories (urls)",
                "default": "https://pypi.org/simple"
              },
              "pypiExtraIndexVaultPaths": {
                "description": "Environment variable (csv) with the vault paths containing the secrets of the PyPI repositories",
                "type": "string",
                "required": false,
                "readOnly": false,
                "application": false,
                "level": 1,
                "internalName": "ROCKET_PIP_EXTRA_REPO_VAULT_PATHS",
                "title": "Pip Repositories (vault paths)",
                "default": ""
              }
            }
          },
          "Calico": {
            "type": "object",
            "additionalProperties": false,
            "ui": {
              "component": "accordion"
            },
            "name": "calico",
            "title": "Calico Network",
            "description": "Use Calico security to this Rocket instance",
            "properties": {
              "calicoEnabled": {
                "description": "Whether or not enable the Calico security.",
                "type": "boolean",
                "required": false,
                "readOnly": false,
                "application": false,
                "level": 1,
                "internalName": "CALICO_ENABLED",
                "title": "Use calico",
                "default": false
              },
              "calicoNetwork": {
                "description": "Name of the calico network where Rocket and the workflows are deployed if calico security is enabled. It uses the same value of Network name.",
                "type": "string",
                "required": false,
                "readOnly": false,
                "application": false,
                "default": "keos",
                "level": 1,
                "internalName": "CALICO_NETWORK",
                "ui": {
                  "visible": {
                    "calicoEnabled": true
                  }
                },
                "title": "Calico network"
              }
            },
            "required": []
          }
        },
        "required": [
          "approlename",
          "serviceAccountName",
          "assetIdentity",
          "identityVaultCluster",
          "identityVaultPath"
        ]
      }
    }
  },
  "lifecycles": {
    "install": {
      "start": [
        {
          "type": "core/disable",
          "tag": "gosec-register",
          "enabled": "false"
        },
        {
          "label": "Print install start log",
          "type": "io/print",
          "text": "Lifecycle: Install/start"
        },
        {
          "label": "Init secrets creation log",
          "type": "io/print",
          "text": "------------- Instance secrets creation --------------"
        },
        {
          "type": "kubernetes/customresource/create",
          "apiVersion": "secrets.stratio.com/v2beta1",
          "kind": "SecretsIdentity",
          "plural": "SecretsIdentities",
          "name": "${Application.name}",
          "namespace": "${Application.domain}",
          "spec": "{\"enableDataEncryption\": ${encryptionEnable},\"bundles\":[{\"name\":\"${Application.name}\"},{\"name\":\"${assetIdentity}\"},{\"name\":\"${assetIdentityAlternativeSecretBundle}\"}],\"subject\":{\"kind\":\"ServiceAccount\",\"name\":\"${Application.name}\",\"namespace\":\"${Application.domain}\"}}",
          "enabled": "true"
        },
        {
          "type": "time/sleep",
          "millis": "10000"
        }
      ],
      "install/pre": [
        {
          "label": "Print install pre task log",
          "type": "io/print",
          "text": "Printing install pre task log"
        }
      ],
      "install/post": [
        {
          "label": "Print install post task log",
          "type": "io/print",
          "text": "Printing install post task log"
        }
      ],
      "install/finalize": [
        {
          "label": "Print install finalize task log",
          "type": "io/print",
          "text": "Printing install finalize task log"
        }
      ],
      "finish": [
        {
          "label": "Print install finish log",
          "type": "io/print",
          "text": "Printing install finish log"
        }
      ]
    },
    "update": {
      "start": [
        {
          "label": "Print update start log",
          "type": "io/print",
          "text": "Printing update start log"
        }
      ],
      "update/pre": [
        {
          "label": "Print update pre task log",
          "type": "io/print",
          "text": "Printing update pre task log"
        }
      ],
      "update/post": [
        {
          "label": "Print update post task log",
          "type": "io/print",
          "text": "Printing update post task log"
        }
      ],
      "update/finalize": [
        {
          "label": "Print update finalize task log",
          "type": "io/print",
          "text": "Printing update finalize task log"
        }
      ],
      "finish": [
        {
          "label": "Print update finish log",
          "type": "io/print",
          "text": "Printing update finish log"
        }
      ]
    },
    "upgrade": {
      "start": [
        {
          "label": "Print upgrade start log",
          "type": "io/print",
          "text": "Printing upgrade start log"
        }
      ],
      "upgrade/pre": [
        {
          "label": "Print upgrade pre task log",
          "type": "io/print",
          "text": "Printing upgrade pre task log"
        }
      ],
      "upgrade/post": [
        {
          "label": "Print upgrade post task log",
          "type": "io/print",
          "text": "Printing upgrade post task log"
        }
      ],
      "upgrade/finalize": [
        {
          "label": "Print upgrade finalize task log",
          "type": "io/print",
          "text": "Printing upgrade finalize task log"
        }
      ],
      "finish": [
        {
          "label": "Print upgrade finish log",
          "type": "io/print",
          "text": "Printing upgrade finish log"
        }
      ]
    },
    "restart": {
      "start": [
        {
          "label": "Print restart start log",
          "type": "io/print",
          "text": "Printing restart start log"
        }
      ],
      "restart/pre": [
        {
          "label": "Print restart pre task log",
          "type": "io/print",
          "text": "Printing restart pre task log"
        }
      ],
      "restart/post": [
        {
          "label": "Print restart post task log",
          "type": "io/print",
          "text": "Printing restart post task log"
        }
      ],
      "restart/finalize": [
        {
          "label": "Print restart finalize task log",
          "type": "io/print",
          "text": "Printing restart finalize task log"
        }
      ],
      "finish": [
        {
          "label": "Print restart finish log",
          "type": "io/print",
          "text": "Printing restart finish log"
        }
      ]
    },
    "uninstall": {
      "start": [
        {
          "label": "Print uninstall start log",
          "type": "io/print",
          "text": "Printing uninstall start log"
        }
      ],
      "uninstall/pre": [
        {
          "label": "Print uninstall pre task log",
          "type": "io/print",
          "text": "Printing uninstall pre task log"
        }
      ],
      "uninstall/post": [
        {
          "label": "Print uninstall post task log",
          "type": "io/print",
          "text": "Printing uninstall post task log"
        }
      ],
      "uninstall/finalize": [
        {
          "label": "Print uninstall finalize task log",
          "type": "io/print",
          "text": "Printing uninstall finalize task log"
        }
      ],
      "finish": [
        {
          "label": "Print uninstall finish log",
          "type": "io/print",
          "text": "Printing uninstall finish log"
        }
      ]
    }
  }
}
