{
  "data": {
    "serviceName": "gosec-encryption-daas",
    "version": "13.1.0",
    "model": "default",
    "description": "Service to manage encryption of elements using keys of 256 bit",
    "framework": false,
    "highAvailability": true,
    "healthChecks": {
      "tcp": [],
      "http": [
        {
          "gracePeriodSeconds": 5,
          "intervalSeconds": 15,
          "maxConsecutiveFailures": 25,
          "timeoutSeconds": 10,
          "port": 18080,
          "ignoreHttp1xx": false,
          "path": "health"
        }
      ],
      "command": []
    },
    "networking": {
      "expose": [],
      "network": {
        "networkType": "user",
        "ports": [
          {
            "servicePort": 0,
            "protocol": "tcp",
            "name": "http",
            "labels": {},
            "containerPort": 8443
          },
          {
            "servicePort": 0,
            "protocol": "tcp",
            "name": "metrics",
            "labels": {
              "metrics_path": "/prometheus"
            },
            "containerPort": 18080
          }
        ],
        "requirePorts": false
      },
      "admin": 0
    },
    "container": {
      "runners": [
        {
          "id": "com.stratio.tais.persistence.model.service.container.DockerRunner",
          "typeClass": "com.stratio.tais.persistence.model.service.container.DockerRunner",
          "image": "${eos.dockerRegistry}/gosec-encryption-daas:0.3.1",
          "forcePullImage": true,
          "privileged": false,
          "parameters": [
            {
              "key": "volume",
              "value": "/etc/krb5.conf:/etc/krb5.conf:ro"
            }
          ]
        }
      ],
      "volumes": []
    },
    "secrets": {
      "appRole": "role",
      "secretRole": "encryption"
    },
    "uninstall": {
      "secrets": true
    },
    "constraints": [],
    "prerequisites": []
  },
  "parameters": {
    "type": "object",
    "additionalProperties": false,
    "properties": {
      "general": {
        "type": "object",
        "additionalProperties": false,
        "ui": null,
        "name": "general",
        "title": "General",
        "description": "In this tab you can configure the default deployment of GoSec Encryption Daas.",
        "properties": {
          "serviceId": {
            "description": "Service ID of the Service. Gosec Encryption Daas serviceId will be set gosec-encryption-daas by default in all environments. This property will not be configurable.",
            "type": "string",
            "required": true,
            "readOnly": true,
            "pattern": "(.+)+$",
            "application": true,
            "internalName": "SERVICE_ID",
            "examples": [
              "gosec-encryption-daas"
            ],
            "ui": {
              "updatable": false
            },
            "title": "Service ID",
            "default": "gosec-encryption-daas"
          },
          "resources": {
            "type": "object",
            "additionalProperties": false,
            "ui": {
              "component": "accordion"
            },
            "name": "resources",
            "title": "Resources",
            "description": "In this section you can assign the resources of gosec-encryption-daas for its deployment.",
            "properties": {
              "INSTANCES": {
                "description": "Instances for the service",
                "type": "number",
                "minimum": 0,
                "required": true,
                "readOnly": false,
                "application": true,
                "level": 1,
                "internalName": "INSTANCES",
                "title": "Instances",
                "default": 1
              },
              "CPUs": {
                "description": "CPUs for the service",
                "type": "number",
                "required": true,
                "readOnly": false,
                "application": true,
                "level": 1,
                "internalName": "CPUs",
                "title": "CPUs",
                "default": 1
              },
              "MEM": {
                "description": "Memory in MB allocated for the service.",
                "type": "number",
                "required": true,
                "readOnly": false,
                "application": true,
                "level": 1,
                "internalName": "MEM",
                "title": "Memory (MB)",
                "default": 1024
              },
              "DISK": {
                "description": "Disk in MB allocated for the service.",
                "type": "number",
                "required": false,
                "readOnly": false,
                "application": true,
                "level": 2,
                "internalName": "DISK",
                "title": "Disk (MB)",
                "default": 0
              },
              "GPUs": {
                "description": "GPUs for the service",
                "type": "number",
                "required": false,
                "readOnly": false,
                "application": true,
                "level": 2,
                "internalName": "GPUs",
                "title": "GPUs for the service",
                "default": 0
              }
            },
            "required": [
              "INSTANCES",
              "CPUs",
              "MEM"
            ]
          }
        },
        "required": [
          "serviceId"
        ]
      },
      "security": {
        "type": "object",
        "additionalProperties": false,
        "ui": null,
        "name": "security",
        "title": "Security",
        "description": "In this tab you can configure security properties in gosec-encryption-daas configuration.",
        "properties": {
          "tlsAuthentication": {
            "type": "object",
            "additionalProperties": false,
            "ui": null,
            "name": "tlsAuthentication",
            "title": "TLS Authentication Allowed Clients",
            "description": "In this section you can configure all the clients that gosec-encryption-daas will accept in the tls authentication. The client is the CN attribute of the certificate that presents the client to gosec-identities-daas for its TLS mutual authetication.",
            "properties": {
              "defaultCNs": {
                "description": "Default CNs alowed.",
                "type": "string",
                "required": true,
                "readOnly": false,
                "application": false,
                "level": 1,
                "internalName": "ENCRYPTION_DAAS_DEFAULT_CN_LIST",
                "title": "Default CNs alowed",
                "default": "gosec-management-baas"
              },
              "getAssetCNs": {
                "description": "CNs alowed to 'GET /encryption/asset*'",
                "type": "string",
                "required": true,
                "readOnly": false,
                "application": false,
                "level": 1,
                "internalName": "GET_ENCRYPTION_ASSET_CN",
                "title": "CNs alowed to 'GET /encryption/asset*'",
                "default": "*"
              },
              "getDataKeysCNs": {
                "description": "CNs alowed to 'GET /encryption/data-key*'",
                "type": "string",
                "required": true,
                "readOnly": false,
                "application": false,
                "level": 1,
                "internalName": "GET_ENCRYPTION_DATA_KEY_CN",
                "title": "CNs alowed to 'GET /encryption/data-key*'",
                "default": "*"
              },
              "cnCoreValidationEnabled": {
                "description": "Enable cn core validation",
                "type": "boolean",
                "required": true,
                "readOnly": false,
                "application": false,
                "level": 1,
                "internalName": "GOSEC_ENCRYPTION_DAAS_CN_CORE_VALIDATION_ENABLED",
                "title": "Enable cn core validation",
                "default": true
              },
              "cnCoreList": {
                "description": "Cn core list",
                "type": "string",
                "required": true,
                "readOnly": false,
                "application": false,
                "level": 1,
                "internalName": "GOSEC_ENCRYPTION_DAAS_CN_CORE_LIST",
                "title": "Cn core list",
                "default": "gosec-encryption-daas,gosec-management-baas"
              },
              "adminTenant": {
                "description": "Tenant where cluster is managed",
                "type": "string",
                "required": true,
                "readOnly": true,
                "application": false,
                "level": 1,
                "internalName": "PAAS_ADMINTENANT",
                "title": "Admnistrative Tenant",
                "default": "keos"
              }
            },
            "required": [
              ""
            ]
          }
        },
        "required": []
      },
      "environment": {
        "type": "object",
        "additionalProperties": false,
        "ui": null,
        "name": "environment",
        "title": "Environment",
        "description": "Environment",
        "properties": {
          "datasource": {
            "type": "object",
            "additionalProperties": false,
            "ui": {
              "component": "accordion"
            },
            "name": "Datasource Settings",
            "title": "Datasource Settings",
            "description": "",
            "properties": {
              "jdbcUrl": {
                "description": "JDBC Datasource URL",
                "type": "string",
                "required": false,
                "readOnly": false,
                "application": false,
                "level": 1,
                "default": "jdbc:postgresql://pgbouncer-postgreskeos-gosec.keos-core:5432/postgreskeos?user=gosec-encryption-daas&sslcert=/etc/gosec-encryption-daas/secrets/cert.crt&sslkey=/etc/gosec-encryption-daas/secrets/key.pk8&sslrootcert=/etc/gosec-encryption-daas/secrets/caroot.crt&sslmode=verify-full&ssl=true&prepareThreshold=0",
                "internalName": "JDBC_URL",
                "ui": {
                  "updatable": true
                },
                "title": "Datasource URL"
              },
              "schemaDDBB": {
                "description": "Database Schema to be used by the service",
                "type": "string",
                "required": false,
                "readOnly": false,
                "application": false,
                "level": 1,
                "default": "gosecschema",
                "internalName": "SCHEMA_DDBB",
                "ui": {
                  "updatable": true
                },
                "title": "Database Schema"
              }
            }
          },
          "vault": {
            "type": "object",
            "additionalProperties": false,
            "ui": null,
            "name": "vault",
            "title": "Vault",
            "description": "In this section you can configure vault behaviour of GoSec Encryption Daas.",
            "properties": {
              "sysOperations-auto": {
                "description": "sysOperations-auto",
                "type": "boolean",
                "readOnly": true,
                "required": false,
                "internalName": "VAULT_SYS_OPERATIONS_AUTO",
                "title": "sysOperations-auto",
                "default": false
              },
              "stringVaultHost": {
                "description": "Host where the Vault is running on",
                "type": "string",
                "readOnly": true,
                "application": false,
                "level": 1,
                "internalName": "STRING_VAULT_HOST",
                "title": "Vault host",
                "default": "${globals.vault.vaultHost}"
              },
              "vaultPort": {
                "description": "Port where the Vault is listening on",
                "type": "number",
                "readOnly": true,
                "application": false,
                "level": 1,
                "internalName": "VAULT_PORT",
                "title": "Vault port",
                "default": "${globals.vault.vaultPort}"
              },
              "vaultRole": {
                "description": "Role for vault",
                "type": "string",
                "readOnly": true,
                "application": false,
                "level": 1,
                "internalName": "VAULT_ROLE",
                "title": "Vault role",
                "default": "encryption"
              },
              "retrieveFromVault": {
                "type": "boolean",
                "readOnly": false,
                "application": false,
                "level": 2,
                "internalName": "RETRIEVE_FROM_VAULT",
                "title": "Retrieve from vault",
                "default": true
              },
              "vaultScheme": {
                "description": "Vault access protocol",
                "type": "string",
                "readOnly": true,
                "application": false,
                "level": 1,
                "internalName": "VAULT_SCHEME",
                "title": "Vault scheme",
                "default": "https"
              },
              "vaultFixedRate": {
                "description": "",
                "type": "number",
                "readOnly": true,
                "application": false,
                "level": 1,
                "internalName": "VAULT_FIXED_RATE",
                "title": "Vault token",
                "default": 30000
              },
              "paasVersion": {
                "description": "paasVersion",
                "type": "string",
                "readOnly": true,
                "application": false,
                "level": 1,
                "default": "KEOS",
                "internalName": "PAAS_VERSION",
                "title": "PAAS_VERSION"
              },
              "serviceIdEncryption": {
                "description": "service id internal",
                "type": "string",
                "readOnly": true,
                "application": false,
                "level": 1,
                "default": "${serviceId}",
                "internalName": "INSTANCE",
                "title": "Secrets Instance"
              }
            }
          },
          "logs": {
            "type": "object",
            "additionalProperties": false,
            "ui": {
              "component": "standard"
            },
            "name": "logs",
            "title": "logs",
            "description": "In this tab you can configure the logs configuration of GoSec Encryption Daas.",
            "properties": {
              "logs": {
                "type": "object",
                "additionalProperties": false,
                "ui": {
                  "component": "accordion"
                },
                "name": "logs",
                "title": "Logs",
                "description": "In this section you can configure the log behaviour of GoSec Encryption Daas.",
                "properties": {
                  "log4jPath": {
                    "type": "string",
                    "readOnly": false,
                    "application": false,
                    "level": 1,
                    "internalName": "LOG4j2_PATH",
                    "title": "Log level root",
                    "default": "classpath:log4j2.xml"
                  },
                  "logLevelRoot": {
                    "type": "string",
                    "readOnly": false,
                    "application": false,
                    "level": 1,
                    "internalName": "LOG_LEVEL_ROOT",
                    "title": "Log level root",
                    "default": "INFO"
                  },
                  "logLevelGosec": {
                    "type": "string",
                    "readOnly": false,
                    "application": false,
                    "level": 1,
                    "internalName": "LOG_LEVEL_GOSEC_ENC",
                    "title": "Log level gosec",
                    "default": "INFO"
                  },
                  "logLevelGosecEnc": {
                    "type": "string",
                    "readOnly": false,
                    "application": false,
                    "level": 1,
                    "internalName": "LOG_LEVEL_GOSEC_ENC",
                    "title": "Log level gosec encryption daas",
                    "default": "INFO"
                  },
                  "logLevelSQL": {
                    "type": "string",
                    "readOnly": false,
                    "application": false,
                    "level": 1,
                    "internalName": "LOG_LEVEL_SQL",
                    "title": "Log level gosec SQL",
                    "default": "INFO"
                  },
                  "logLevelVault": {
                    "type": "string",
                    "readOnly": false,
                    "application": false,
                    "level": 1,
                    "internalName": "LOG_LEVEL_VAULT",
                    "title": "Log level VAULT",
                    "default": "INFO"
                  },
                  "logLevelSpring": {
                    "type": "string",
                    "readOnly": false,
                    "application": false,
                    "level": 1,
                    "internalName": "LOG_LEVEL_SPRING",
                    "title": "Log level Spring",
                    "default": "INFO"
                  },
                  "logLevelJetty": {
                    "type": "string",
                    "readOnly": false,
                    "application": false,
                    "level": 1,
                    "internalName": "LOG_LEVEL_JETTY",
                    "title": "Log level Jetty",
                    "default": "WARN"
                  }
                },
                "required": []
              }
            },
            "required": []
          },
          "swagger": {
            "type": "object",
            "additionalProperties": false,
            "ui": null,
            "name": "swagger",
            "title": "swagger",
            "description": "swagger",
            "properties": {
              "swaggerBasePath": {
                "description": "",
                "type": "string",
                "readOnly": true,
                "application": false,
                "level": 1,
                "internalName": "SWAGGER_BASEPATH",
                "title": "Swagger base Path",
                "default": "gosec/encryption"
              }
            },
            "required": []
          },
          "ssl": {
            "type": "object",
            "additionalProperties": false,
            "ui": null,
            "name": "ssl",
            "title": "ssl",
            "description": "ssl",
            "properties": {
              "debugSslEnabled": {
                "description": "",
                "type": "string",
                "readOnly": true,
                "application": false,
                "level": 1,
                "internalName": "DEBUG_SSL_ENABLED",
                "title": "Debug ssl enabled",
                "default": "false"
              },
              "sslEncryption": {
                "description": "",
                "type": "string",
                "readOnly": true,
                "application": false,
                "level": 1,
                "internalName": "SSL_ENCRYPTION",
                "title": "ssl encryption",
                "default": "true"
              }
            },
            "required": []
          },
          "httpUrl": {
            "type": "string",
            "readOnly": false,
            "application": false,
            "level": 2,
            "internalName": "HTTP_URL",
            "title": "Http url",
            "default": "0.0.0.0"
          },
          "httpPort": {
            "type": "number",
            "readOnly": false,
            "application": false,
            "level": 2,
            "internalName": "HTTP_PORT",
            "title": "Http port",
            "default": 8443
          }
        },
        "required": []
      }
    }
  },
  "lifecycles": {
    "install": {
      "start": [
        {
          "label": "Print install start log",
          "type": "io/print",
          "text": "Lifecycle: Install/start"
        },
        {
          "label": "ServiceId: ${serviceId}  -  ApplicationId: ${Application.id}  -  Tenant: ${tenantId}  -  Namespace: ${k8sNamespace}  -  ClusterId: ${cluster_id}  -  Admin FQDN: ${admin_fqdn}",
          "type": "io/print",
          "text": "ServiceId: ${serviceId}  -  ApplicationId: ${Application.id}  -  Tenant: ${tenantId}  -  Namespace: ${k8sNamespace}  -  ClusterId: ${cluster_id}  -  Admin FQDN: ${admin_fqdn}"
        },
        {
          "label": "Init secrets creation log",
          "type": "io/print",
          "text": "------------- Instance secrets creation --------------"
        },
        {
          "label": "=> Secrets Creation during install: Creating cert",
          "type": "secret/certificate",
          "path": "/userland/certificates/${Application.id}",
          "secretName": "gosec-encryption-daas",
          "commonName": "gosec-encryption-daas",
          "altNames": "${Application.id}"
        },
        {
          "label": "=> install_start_secretsCreation_cookieSecret: Creating keystore",
          "type": "secret/password",
          "path": "/userland/passwords/${Application.id}",
          "secretName": "keystore",
          "password": "${randomString(10)}"
        },
        {
          "label": "=> install_start_secretsCreation_cookieSecret: Creating token",
          "type": "secret/password",
          "path": "/userland/passwords/${Application.id}",
          "secretName": "token",
          "password": "${randomString(10)}"
        },
        {
          "label": "End secrets creation log",
          "type": "io/print",
          "text": "------------- End identity secrets creation --------------"
        },
        {
          "label": "Labels creation",
          "type": "io/print",
          "text": "------------- Insert labels --------------"
        },
        {
          "type": "labels/upsert",
          "scope": "service,deployment",
          "labels": "[{\"key\":\"app.kubernetes.io/component\", \"value\":\"daas\"}]"
        }
      ],
      "install/pre": [
        {
          "label": "Print install pre task log",
          "type": "io/print",
          "text": "Printing install pre task log"
        }
      ],
      "install/post": [
        {
          "label": "Print install post task log",
          "type": "io/print",
          "text": "Printing install post task log"
        }
      ],
      "install/finalize": [
        {
          "label": "Print install finalize task log",
          "type": "io/print",
          "text": "Printing install finalize task log"
        }
      ],
      "finish": [
        {
          "label": "Print install finish log",
          "type": "io/print",
          "text": "Printing install finish log"
        }
      ]
    },
    "update": {
      "start": [
        {
          "label": "Print update start log",
          "type": "io/print",
          "text": "Printing update start log"
        }
      ],
      "update/pre": [
        {
          "label": "Print update pre task log",
          "type": "io/print",
          "text": "Printing update pre task log"
        }
      ],
      "update/post": [
        {
          "label": "Print update post task log",
          "type": "io/print",
          "text": "Printing update post task log"
        }
      ],
      "update/finalize": [
        {
          "label": "Print update finalize task log",
          "type": "io/print",
          "text": "Printing update finalize task log"
        }
      ],
      "finish": [
        {
          "label": "Print update finish log",
          "type": "io/print",
          "text": "Printing update finish log"
        }
      ]
    },
    "upgrade": {
      "start": [
        {
          "label": "Print upgrade start log",
          "type": "io/print",
          "text": "Printing upgrade start log"
        }
      ],
      "upgrade/pre": [
        {
          "label": "Print upgrade pre task log",
          "type": "io/print",
          "text": "Printing upgrade pre task log"
        }
      ],
      "upgrade/post": [
        {
          "label": "Print upgrade post task log",
          "type": "io/print",
          "text": "Printing upgrade post task log"
        }
      ],
      "upgrade/finalize": [
        {
          "label": "Print upgrade finalize task log",
          "type": "io/print",
          "text": "Printing upgrade finalize task log"
        }
      ],
      "finish": [
        {
          "label": "Print upgrade finish log",
          "type": "io/print",
          "text": "Printing upgrade finish log"
        }
      ]
    },
    "restart": {
      "start": [
        {
          "label": "Print restart start log",
          "type": "io/print",
          "text": "Printing restart start log"
        }
      ],
      "restart/pre": [
        {
          "label": "Print restart pre task log",
          "type": "io/print",
          "text": "Printing restart pre task log"
        }
      ],
      "restart/post": [
        {
          "label": "Print restart post task log",
          "type": "io/print",
          "text": "Printing restart post task log"
        }
      ],
      "restart/finalize": [
        {
          "label": "Print restart finalize task log",
          "type": "io/print",
          "text": "Printing restart finalize task log"
        }
      ],
      "finish": [
        {
          "label": "Print restart finish log",
          "type": "io/print",
          "text": "Printing restart finish log"
        }
      ]
    },
    "uninstall": {
      "start": [
        {
          "label": "Print uninstall start log",
          "type": "io/print",
          "text": "Printing uninstall start log"
        }
      ],
      "uninstall/pre": [
        {
          "label": "Print uninstall pre task log",
          "type": "io/print",
          "text": "Printing uninstall pre task log"
        }
      ],
      "uninstall/post": [
        {
          "label": "Print uninstall post task log",
          "type": "io/print",
          "text": "Printing uninstall post task log"
        }
      ],
      "uninstall/finalize": [
        {
          "label": "Print uninstall finalize task log",
          "type": "io/print",
          "text": "Printing uninstall finalize task log"
        }
      ],
      "finish": [
        {
          "label": "Print uninstall finish log",
          "type": "io/print",
          "text": "Printing uninstall finish log"
        }
      ]
    }
  }
}
