{
  "data": {
    "serviceName": "search-engine",
    "model": "se-indexer-governance",
    "version": "13.1.0",
    "description": "The Indexer API allows to setup domains in Stratio Elasticsearch. This flavour deploys a Indexer instance integrated with the Stratio Elasticsearch to be used by Stratio Data Governance.",
    "highAvailability": false,
    "networking": {
      "expose": [
        {
          "id": "searcher",
          "external": false
        }
      ]
    }
  },
  "parameters": {
    "properties": {
      "general": {
        "properties": {
          "serviceId": {
            "default": "gov-indexer"
          },
          "externalAccess": {
            "type": "object",
            "additionalProperties": false,
            "ui": null,
            "name": "externalAccess",
            "title": "External Access",
            "description": "Expose the service, so the service can be accessed from outside the cluster",
            "properties": {
              "externalAccessEnabled": {
                "description": "Enable external access to the service // TODO: review. Is it being used??",
                "type": "boolean",
                "required": true,
                "readOnly": false,
                "application": false,
                "level": 1,
                "internalName": "NOT_USED",
                "ui": {
                  "updatable": false
                },
                "title": "Enable external access",
                "default": true
              },
              "searcherServerHost": {
                "description": "This is the external hostname exposed and accessible by users",
                "type": "string",
                "required": false,
                "readOnly": false,
                "application": false,
                "level": 1,
                "internalName": "VIRTUAL_HOST",
                "examples": [
                  "admin.k8s.seven.labs.stratio.com"
                ],
                "ui": {
                  "visible": {
                    "externalAccessEnabled": true
                  },
                  "updatable": false
                },
                "title": "URL host to access to your SE instance.",
                "default": "${admin_fqdn}"
              }
            }
          }
        }
      },
      "security": {
        "properties": {
          "mutualTlsEnabled": {
            "default": true
          },
          "mutualTlsCnWhitelist": {
            "default": "dg-scheduler-agent"
          },
          "tenantSecurityEnabled": {
            "default": true
          },
          "jwtSecurityEnabled": {
            "readOnly": true,
            "level": 1,
            "default": true
          }
        }
      }
    }
  },
  "parentConfiguration": {
    "serviceName": "search-engine",
    "model": "se-indexer-default",
    "version": "13.1.0"
  }
}
