{
  "data": {
    "serviceName": "search-engine",
    "model": "se-manager-default",
    "version": "13.1.0",
    "description": "The Manager API allows to index documents in Stratio Elasticsearch.",
    "abstract": true,
    "highAvailability": false,
    "healthChecks": {
      "tcp": [
        {
          "id": "searcher",
          "gracePeriodSeconds": 5,
          "intervalSeconds": 15,
          "maxConsecutiveFailures": 25,
          "timeoutSeconds": 10,
          "port": 8080
        }
      ]
    },
    "networking": {
      "network": {
        "ports": [
          {
            "id": "port1",
            "containerPort": 8080
          },
          {
            "id": "port2",
            "containerPort": 8090
          }
        ]
      }
    }
  },
  "parameters": {
    "properties": {
      "general": {
        "properties": {
          "serviceId": {
            "default": "se-manager"
          },
          "serviceIdName": {
            "default": "se-manager"
          },
          "elasticsearch": {
            "properties": {
              "moreElasticsearch": {
                "properties": {
                  "elasticsearchShards": {
                    "description": "Number of primary shards for Elasticsearch indexes",
                    "type": "number",
                    "required": true,
                    "readOnly": false,
                    "application": false,
                    "level": 1,
                    "internalName": "ELASTICSEARCH_DEFAULT_SHARDS",
                    "title": "Elasticsearch shards",
                    "default": 1
                  },
                  "elasticsearchReplicas": {
                    "description": "Number of replicas for Elasticsearch indexes",
                    "type": "number",
                    "required": true,
                    "readOnly": false,
                    "application": false,
                    "level": 1,
                    "internalName": "ELASTICSEARCH_DEFAULT_REPLICAS",
                    "title": "Elasticsearch replicas",
                    "default": 0
                  },
                  "elasticsearchRefreshInterval": {
                    "description": "Elasticsearch refresh_interval defines the maximum amount of time until the changes are visible in search results",
                    "type": "string",
                    "required": true,
                    "readOnly": false,
                    "application": false,
                    "level": 1,
                    "internalName": "ELASTICSEARCH_DEFAULT_REFRESH_INTERVAL",
                    "title": "Elasticsearch refresh_interval",
                    "default": "1s"
                  }
                }
              }
            }
          },
          "externalAccess": {
            "type": "object",
            "additionalProperties": false,
            "ui": null,
            "name": "externalAccess",
            "title": "External Access",
            "description": "Expose the service, so the service can be accessed from outside the cluster",
            "properties": {
              "externalAccessEnabled": {
                "description": "Enable external access to the service // TODO: review. Is it being used??",
                "type": "boolean",
                "required": true,
                "readOnly": false,
                "application": false,
                "level": 1,
                "internalName": "NOT_USED",
                "ui": {
                  "updatable": false
                },
                "title": "Enable external access",
                "default": true
              },
              "searcherServerHost": {
                "description": "This is the external hostname exposed and accessible by users",
                "type": "string",
                "required": false,
                "readOnly": false,
                "application": false,
                "level": 1,
                "internalName": "VIRTUAL_HOST",
                "examples": [
                  "admin.k8s.seven.labs.stratio.com"
                ],
                "ui": {
                  "visible": {
                    "externalAccessEnabled": true
                  },
                  "updatable": false
                },
                "title": "URL host to access to your SE instance.",
                "default": "${serviceId}.${tenantId}.${external_domain}"
              }
            }
          },
          "resources": {
            "properties": {
              "CPUs": {
                "default": 0.5
              },
              "MEM": {
                "default": 512
              },
              "moreResources": {
                "properties": {
                  "javaOpts": {
                    "default": "-Xms256m -Xmx256m"
                  }
                }
              }
            }
          }
        }
      },
      "settings": {
        "properties": {
          "dockerImage": {
            "default": "qa.int.stratio.com/stratio/search-engine-manager:${versionId}"
          }
        }
      }
    }
  },
  "lifecycles": {
    "install": {
      "start": [
        {
          "type": "gosec/policies/create",
          "name": "elastisearch-${Application.id}",
          "groups": [],
          "users": [
            "${Application.id}"
          ],
          "tid": "${tenantId}",
          "services": [
            {
              "serviceType": "elasticsearch",
              "instances": [
                {
                  "sid": "${ElasticSearch.host}.${ElasticSearch.namespace}",
                  "acls": [
                    "ACL(resourceType Index, name *, actionsAllow [Create, Delete, Manage, Monitor, Read, Write], actionsDeny[], recursive true)",
                    "ACL(resourceType Cluster, name *, actionsAllow [Manage, Monitor], actionsDeny[], recursive true)"
                  ]
                }
              ]
            }
          ],
          "enabled": "${executePrerequisites}"
        }
      ]
    }
  },
  "parentConfiguration": {
    "serviceName": "abstract-search-engine",
    "model": "parent",
    "version": "13.1.0"
  }
}
