{
  "data": {
    "serviceName": "bdl",
    "version": "13.2.0",
    "model": "agent-bdl-default",
    "description": "Stratio's Business Data Layer (BDL) creates a semantic layer over the technical data that lets non-technical people operate, secure, and link up data.",
    "framework": false,
    "highAvailability": false,
    "networking": {
      "expose": [],
      "network": {
        "networkType": "user",
        "ports": [
          {
            "protocol": "tcp",
            "name": "metrics",
            "labels": {
              "metrics_path": "/metrics"
            },
            "containerPort": 13421
          }
        ],
        "requirePorts": false
      }
    },
    "container": {
      "runners": [
        {
          "id": "com.stratio.tais.persistence.model.service.container.DockerRunner",
          "typeClass": "com.stratio.tais.persistence.model.service.container.DockerRunner",
          "image": "${eos.dockerRegistry}/eureka-bdl-agent_2.12:0.9.0",
          "forcePullImage": false,
          "privileged": false,
          "parameters": [],
          "executionUris": []
        }
      ],
      "volumes": [
        {
          "type": "mappedVolume",
          "containerPath": "/etc/krb5.conf",
          "map": "${krb5ConfigMapName}",
          "key": "krb5.conf",
          "mode": "READ_ONLY"
        }
      ]
    },
    "healthChecks": {
      "tcp": [],
      "http": [
        {
          "gracePeriodSeconds": 180,
          "intervalSeconds": 120,
          "maxConsecutiveFailures": 5,
          "timeoutSeconds": 60,
          "delaySeconds": 15,
          "portIndex": 0,
          "ignoreHttp1xx": false,
          "path": "/${healthCheckChroot}/${healthCheckPath}"
        }
      ]
    },
    "secrets": {
      "appRole": "role",
      "secretRole": "${approlename}"
    },
    "permissions": {
      "enabled": true,
      "policies": [
        "K8sApplicationRole(id ${Application.name})"
      ]
    },
    "dependencies": [
      {
        "id": "postgresDiscovery",
        "title": "PostgreSQL where metadata catalog is located.",
        "query": "service: ((?i)(Postgres) OR (?i)(PgBouncer))",
        "required": true,
        "extended": true
      },
      {
        "id": "postgresPolicies",
        "title": "PostgreSQL used for policy creation. If connection is via PgBouncer, select the main PostgreSQL instance otherwise select the same instance as above",
        "query": "service: ((?i)(Postgres))",
        "required": true,
        "extended": false
      }
    ]
  },
  "parameters": {
    "type": "object",
    "additionalProperties": false,
    "properties": {
      "general": {
        "type": "object",
        "additionalProperties": false,
        "ui": null,
        "name": "general",
        "title": "General",
        "description": "General",
        "properties": {
          "host": {
            "type": "string",
            "level": 2,
            "internalName": "HOST",
            "ui": {
              "visible": false
            },
            "default": "fieldRef:status.podIP:v1"
          },
          "serviceId": {
            "description": "Service ID",
            "type": "string",
            "required": true,
            "readOnly": false,
            "application": true,
            "pattern": "^[a-z]([-a-z0-9]*[a-z0-9])?$",
            "maxLength": 55,
            "level": 1,
            "internalName": "SERVICE_ID",
            "ui": {
              "updatable": false
            },
            "title": "Service ID",
            "default": "eureka-agent"
          },
          "bdlServerHost": {
            "description": "URL host to access to your Governance instance.",
            "type": "string",
            "minimum": 1,
            "required": true,
            "readOnly": false,
            "application": false,
            "level": 1,
            "internalName": "VIRTUAL_HOST",
            "examples": [
              "admin.k8s.seven.labs.stratio.com"
            ],
            "ui": {
              "updatable": false
            },
            "default": "${admin_fqdn}",
            "title": "URI host"
          },
          "tenantName": {
            "type": "string",
            "required": false,
            "readOnly": true,
            "application": false,
            "level": 1,
            "internalName": "TENANT_NAME",
            "ui": {
              "updatable": false
            },
            "title": "Service user",
            "default": "${serviceId}.${k8sNamespace}"
          },
          "appname": {
            "type": "string",
            "readOnly": false,
            "application": false,
            "level": 1,
            "internalName": "APPNAME",
            "ui": {
              "updatable": false
            },
            "title": "Service Identity",
            "default": "eureka-agent"
          },
          "executePrerequisites": {
            "description": "Whether to execute prerequisites automatically for this BDL Agent instance.",
            "type": "boolean",
            "required": true,
            "readOnly": false,
            "application": true,
            "level": 1,
            "internalName": "PREREQUISITES",
            "ui": {
              "updatable": false
            },
            "title": "Execute prerequisites",
            "default": true
          },
          "operationalLayerOnly": {
            "description": "Whether to use agent only for operational concepts or for informational concepts too.",
            "type": "boolean",
            "required": true,
            "readOnly": false,
            "application": true,
            "level": 2,
            "internalName": "OPERATIONAL_LAYER_ONLY",
            "title": "Only operational layer",
            "default": false
          },
          "externalConfiguration": {
            "type": "object",
            "additionalProperties": false,
            "ui": {
              "component": "standard"
            },
            "name": "externalConfiguration",
            "title": "External configuration",
            "description": "Find here some configuration options for the external resources.",
            "properties": {
              "governanceSettings": {
                "type": "object",
                "additionalProperties": false,
                "ui": {
                  "component": "standard"
                },
                "name": "governanceSettings",
                "title": "Governance settings",
                "description": "",
                "properties": {
                  "bdlAgentCollectionName": {
                    "type": "string",
                    "required": true,
                    "readOnly": false,
                    "application": false,
                    "level": 1,
                    "internalName": "BDL_COLLECTION_NAMES_WITHOUT_LIST_ENCLOSURE",
                    "examples": [
                      "collection1, collection2",
                      "*",
                      "coll*",
                      "*tion"
                    ],
                    "default": "*",
                    "title": "Monitored collections"
                  },
                  "bdlAgentCollectionNameInternal": {
                    "type": "string",
                    "required": true,
                    "readOnly": false,
                    "application": false,
                    "level": 2,
                    "internalName": "BDL_AGENT_COLLECTION_NAME",
                    "title": "Monitored collections (internal)",
                    "default": "\\[${bdlAgentCollectionName}\\]"
                  },
                  "bdlGovernanceDeployment": {
                    "type": "string",
                    "readOnly": false,
                    "application": false,
                    "level": 1,
                    "internalName": "GOVERNANCE_DEPLOYMENT",
                    "title": "Governance API full name",
                    "default": "dg-businessglossary-api.keos-core"
                  },
                  "bdlGovernanceBaseUri": {
                    "type": "string",
                    "readOnly": true,
                    "application": false,
                    "level": 1,
                    "internalName": "BDL_GOVERNANCE_BASE_URI",
                    "title": "Governance API URI",
                    "default": "https://${bdlGovernanceDeployment}:60000/dictionary"
                  },
                  "bdlGovernanceManagementBaseUri": {
                    "type": "string",
                    "readOnly": true,
                    "application": false,
                    "level": 1,
                    "internalName": "BDL_GOVERNANCE_MANAGEMENT_BASE_URI",
                    "title": "Governance Management API URI",
                    "default": "http://${bdlGovernanceDeployment}:8092/actuator"
                  },
                  "bdlGovernanceBpmEnabled": {
                    "type": "boolean",
                    "readOnly": false,
                    "application": false,
                    "level": 1,
                    "internalName": "BDL_GOVERNANCE_BPM_ENABLED",
                    "title": "Enable semantic layer's BPM integration?",
                    "default": true
                  },
                  "bdlGovernanceTenantId": {
                    "type": "string",
                    "readOnly": true,
                    "application": false,
                    "level": 2,
                    "internalName": "BDL_GOVERNANCE_TENANT_ID",
                    "title": "BDL agent's tenant at Governance",
                    "default": "${tenantId}"
                  },
                  "bdlGovernanceRoleId": {
                    "type": "string",
                    "readOnly": true,
                    "application": false,
                    "level": 2,
                    "internalName": "BDL_GOVERNANCE_ROLE_ID",
                    "title": "BDL agent's role at Governance",
                    "default": "BDL"
                  },
                  "bdlGovernanceUserName": {
                    "type": "string",
                    "readOnly": true,
                    "application": false,
                    "level": 2,
                    "internalName": "BDL_GOVERNANCE_USER_NAME",
                    "title": "BDL agent's user at Governance",
                    "default": "BDLAgent"
                  },
                  "bdlGovernancePageSize": {
                    "type": "number",
                    "readOnly": true,
                    "application": false,
                    "level": 2,
                    "internalName": "BDL_GOVERNANCE_PAGE_SIZE",
                    "title": "Governance API page size",
                    "default": 200
                  },
                  "bdlGovernanceAdditionalParameters": {
                    "type": "string",
                    "readOnly": true,
                    "application": false,
                    "level": 2,
                    "internalName": "BDL_GOVERNANCE_ADDITIONAL_PARAMETERS",
                    "title": "Governance additional parameters",
                    "default": ""
                  },
                  "bdlGovernanceCollectionChangesTsUri": {
                    "type": "string",
                    "readOnly": true,
                    "application": false,
                    "level": 2,
                    "internalName": "BDL_GOVERNANCE_COLLECTION_CHANGES_TIMESTAMP_URI",
                    "title": "Governance collection changes URI",
                    "default": "businessLayer/v1/businessLayerConcept/getLastModifiedCollection?"
                  },
                  "bdlGovernanceDataUri": {
                    "type": "string",
                    "readOnly": true,
                    "application": false,
                    "level": 2,
                    "internalName": "BDL_GOVERNANCE_DATA_URI",
                    "title": "Governance metadata URI",
                    "default": "catalog/v1/dataAsset/searchByMetadataPathLikeAndSubtypeIn?"
                  },
                  "bdlGovernanceFederatedDataUri": {
                    "type": "string",
                    "readOnly": true,
                    "application": false,
                    "level": 2,
                    "internalName": "BDL_GOVERNANCE_FEDERATED_DATA_URI",
                    "title": "Governance federated metadata URI",
                    "default": "catalog/v1/dataAsset/searchFederatedByMetadataPathLikeAndSubtypeIn?"
                  },
                  "bdlGovernanceAttributesAvailableUri": {
                    "type": "string",
                    "readOnly": true,
                    "application": false,
                    "level": 2,
                    "internalName": "BDL_GOVERNANCE_ATTRIBUTES_AVAILABLE_URI",
                    "title": "Governance attributes available URI",
                    "default": "catalog/v2/key?"
                  },
                  "bdlGovernanceAttributesUri": {
                    "type": "string",
                    "readOnly": true,
                    "application": false,
                    "level": 2,
                    "internalName": "BDL_GOVERNANCE_ATTRIBUTES_URI",
                    "title": "Governance attributes URI",
                    "default": "catalog/v2/keyDataAsset?"
                  },
                  "bdlGovernanceAttributesWriteUri": {
                    "type": "string",
                    "readOnly": true,
                    "application": false,
                    "level": 2,
                    "internalName": "BDL_GOVERNANCE_ATTRIBUTES_WRITE_URI",
                    "title": "Governance attributes write URI",
                    "default": "catalog/v2/keyDataAsset"
                  },
                  "bdlGovernanceMetadatapathDataAssetsKeysUri": {
                    "type": "string",
                    "readOnly": true,
                    "application": false,
                    "level": 2,
                    "internalName": "BDL_GOVERNANCE_METADATAPATH_DATAASSETS_KEYS_URI",
                    "title": "Governance metadatapath data assets keys URI",
                    "default": "catalog/v2/keyDataAsset/searchMetadatapathByTenantAndKeys?"
                  },
                  "bdlGovernanceQualityRulesUri": {
                    "type": "string",
                    "readOnly": true,
                    "application": false,
                    "level": 2,
                    "internalName": "BDL_GOVERNANCE_QUALITY_RULES_URI",
                    "title": "Governance quality rules URI",
                    "default": "quality/v1/quality/searchByMetadataPathLike?"
                  },
                  "bdlGovernanceOntologyUri": {
                    "type": "string",
                    "readOnly": true,
                    "application": false,
                    "level": 2,
                    "internalName": "BDL_GOVERNANCE_ONTOLOGY_URI",
                    "title": "Governance ontology URI",
                    "default": "businessLayer/v1/ontology/searchByOntologyPathLike?"
                  },
                  "bdlGovernanceConceptsUri": {
                    "type": "string",
                    "readOnly": true,
                    "application": false,
                    "level": 2,
                    "internalName": "BDL_GOVERNANCE_CONCEPTS_URI",
                    "title": "Governance concepts URI",
                    "default": "businessLayer/v1/businessLayerConcept/searchByMetadataPathLikeAndOntologyPathLike?"
                  },
                  "bdlGovernanceConceptViewsUri": {
                    "type": "string",
                    "readOnly": true,
                    "application": false,
                    "level": 2,
                    "internalName": "BDL_GOVERNANCE_CONCEPT_VIEWS_URI",
                    "title": "Governance concept views URI",
                    "default": "businessLayer/v1/businessLayerView/searchByMetadataPathLikeAndOntologyPathLike?"
                  },
                  "bdlGovernanceViewRelationsUri": {
                    "type": "string",
                    "readOnly": true,
                    "application": false,
                    "level": 2,
                    "internalName": "BDL_GOVERNANCE_VIEW_RELATIONS_URI",
                    "title": "Governance concept view relations URI",
                    "default": "businessLayer/v1/businessLayerPropertyFeature/searchByBusinessLayerViewIdIn?"
                  },
                  "bdlGovernanceBpmStatusListUri": {
                    "type": "string",
                    "readOnly": true,
                    "application": false,
                    "level": 2,
                    "internalName": "BDL_GOVERNANCE_BPM_STATUS_LIST_URI",
                    "title": "Governance BPM status list URI",
                    "default": "bpm/v1/status/searchByEntityTypeId?"
                  },
                  "bdlGovernanceBpmStatusTransitionsUri": {
                    "type": "string",
                    "readOnly": true,
                    "application": false,
                    "level": 2,
                    "internalName": "BDL_GOVERNANCE_BPM_STATUS_AVAILABLE_TRANSITIONS_URI",
                    "title": "Governance BPM status transitions URI",
                    "default": "bpm/v1/roleStatusTransitions/searchByTenantAndRoleAndStatusId?"
                  },
                  "bdlGovernancePostBpmStatusTransitionUri": {
                    "type": "string",
                    "readOnly": true,
                    "application": false,
                    "level": 2,
                    "internalName": "BDL_GOVERNANCE_BPM_POST_STATUS_TRANSITION_URI",
                    "title": "Governance post BPM status transition URI",
                    "default": "bpm/v1/statusHistoric"
                  },
                  "bdlGovernanceOntologyInheritanceAttribute": {
                    "type": "string",
                    "readOnly": true,
                    "application": false,
                    "level": 2,
                    "internalName": "BDL_GOVERNANCE_ONTOLOGY_INHERITANCE_ATTRIBUTE",
                    "title": "Governance inheritance attribute",
                    "default": "ontology.subclass_of"
                  },
                  "bdlGovernanceForcedTechnicalSchemaAttribute": {
                    "type": "string",
                    "readOnly": true,
                    "application": false,
                    "level": 2,
                    "internalName": "BDL_GOVERNANCE_TECHNICAL_SCHEMA_ATTRIBUTE",
                    "title": "Governance Attribute that denotes the technical schema to be used for a collection",
                    "default": "bdl.technicalSchema"
                  },
                  "bdlGovernanceForcedSemanticSchemaAttribute": {
                    "type": "string",
                    "readOnly": true,
                    "application": false,
                    "level": 2,
                    "internalName": "BDL_GOVERNANCE_SEMANTIC_SCHEMA_ATTRIBUTE",
                    "title": "Governance Attribute that denotes the business schema to be used for a collection",
                    "default": "bdl.businessSchema"
                  },
                  "bdlGovernanceHdfsPartitionValueNoPartition": {
                    "type": "string",
                    "readOnly": true,
                    "application": false,
                    "level": 2,
                    "internalName": "BDL_GOVERNANCE_HDFS_PARTITION_VALUE_NO_PARTITION",
                    "title": "Governance value for partition attribute when there are no partitions",
                    "default": "-"
                  },
                  "bdlGovernanceParamCollectionKey": {
                    "type": "string",
                    "readOnly": true,
                    "application": false,
                    "level": 2,
                    "internalName": "BDL_GOVERNANCE_PARAM_COLLECTION_KEY",
                    "title": "Governance parameter collection key",
                    "default": "metadataPathLike"
                  },
                  "bdlGovernanceParamResourceKey": {
                    "type": "string",
                    "readOnly": true,
                    "application": false,
                    "level": 2,
                    "internalName": "BDL_GOVERNANCE_PARAM_RESOURCE_KEY",
                    "title": "Governance parameter resource key",
                    "default": "type"
                  },
                  "bdlGovernanceParamResourceValueCrossdata": {
                    "type": "string",
                    "readOnly": true,
                    "application": false,
                    "level": 2,
                    "internalName": "BDL_GOVERNANCE_PARAM_RESOURCE_VALUE_CROSSDATA",
                    "title": "Governance parameter resource value for collections",
                    "default": "XD"
                  },
                  "bdlGovernanceParamTypeKey": {
                    "type": "string",
                    "readOnly": true,
                    "application": false,
                    "level": 2,
                    "internalName": "BDL_GOVERNANCE_PARAM_TYPE_KEY",
                    "title": "Governance parameter type key",
                    "default": "subtypeIn"
                  },
                  "bdlGovernanceParamTypeValueDatastore": {
                    "type": "string",
                    "readOnly": true,
                    "application": false,
                    "level": 2,
                    "internalName": "BDL_GOVERNANCE_PARAM_TYPE_VALUE_DATASTORE",
                    "title": "Governance parameter type value for datastore",
                    "default": "DS"
                  },
                  "bdlGovernanceParamTypeValueDatabase": {
                    "type": "string",
                    "readOnly": true,
                    "application": false,
                    "level": 2,
                    "internalName": "BDL_GOVERNANCE_PARAM_TYPE_VALUE_DATABASE",
                    "title": "Governance parameter type value for database",
                    "default": "PATH"
                  },
                  "bdlGovernanceParamTypeValueTable": {
                    "type": "string",
                    "readOnly": true,
                    "application": false,
                    "level": 2,
                    "internalName": "BDL_GOVERNANCE_PARAM_TYPE_VALUE_TABLE",
                    "title": "Governance parameter type value for table",
                    "default": "RESOURCE"
                  },
                  "bdlGovernanceParamTypeValueColumn": {
                    "type": "string",
                    "readOnly": true,
                    "application": false,
                    "level": 2,
                    "internalName": "BDL_GOVERNANCE_PARAM_TYPE_VALUE_COLUMN",
                    "title": "Governance parameter type value for column",
                    "default": "FIELD"
                  },
                  "bdlGovernanceOntologyTypeKey": {
                    "type": "string",
                    "readOnly": true,
                    "application": false,
                    "level": 2,
                    "internalName": "BDL_GOVERNANCE_PARAM_ONTOLOGY_TYPE_KEY",
                    "title": "Governance ontology type key",
                    "default": "typeIn"
                  },
                  "bdlGovernanceOntologyTypeValuePath": {
                    "type": "string",
                    "readOnly": true,
                    "application": false,
                    "level": 2,
                    "internalName": "BDL_GOVERNANCE_PARAM_TYPE_VALUE_PATH",
                    "title": "Governance ontology type value for path",
                    "default": "PATH"
                  },
                  "bdlGovernanceOntologyTypeValueConcept": {
                    "type": "string",
                    "readOnly": true,
                    "application": false,
                    "level": 2,
                    "internalName": "BDL_GOVERNANCE_PARAM_ONTOLOGY_TYPE_VALUE_CONCEPT",
                    "title": "Governance ontology type value for concept",
                    "default": "CONCEPT"
                  },
                  "bdlGovernanceOntologyTypeValueProperty": {
                    "type": "string",
                    "readOnly": true,
                    "application": false,
                    "level": 2,
                    "internalName": "BDL_GOVERNANCE_PARAM_ONTOLOGY_TYPE_VALUE_PROPERTY",
                    "title": "Governance ontology type value for property",
                    "default": "PROPERTY"
                  },
                  "bdlGovernanceViewRelationTypeValueFeature": {
                    "type": "string",
                    "readOnly": true,
                    "application": false,
                    "level": 2,
                    "internalName": "BDL_GOVERNANCE_PARAM_VIEW_RELATION_TYPE_VALUE_FEATURE",
                    "title": "Governance view relation type value for feature",
                    "default": "FEATURE"
                  },
                  "bdlGovernanceViewRelationTypeValueFeatureGlobal": {
                    "type": "string",
                    "readOnly": true,
                    "application": false,
                    "level": 2,
                    "internalName": "BDL_GOVERNANCE_PARAM_VIEW_RELATION_TYPE_VALUE_FEATURE_GLOBAL",
                    "title": "Governance view relation type value for global feature",
                    "default": "FEATURE_GLOBAL"
                  },
                  "bdlGovernanceViewFeatureTypeValueFunction": {
                    "type": "string",
                    "readOnly": true,
                    "application": false,
                    "level": 2,
                    "internalName": "BDL_GOVERNANCE_PARAM_VIEW_FEATURE_TYPE_VALUE_FUNCTION",
                    "title": "Governance view feature type value for function",
                    "default": "FUNCTION"
                  },
                  "bdlGovernanceViewAttributeTypeValueColumn": {
                    "type": "string",
                    "readOnly": true,
                    "application": false,
                    "level": 2,
                    "internalName": "BDL_GOVERNANCE_PARAM_VIEW_ATTRIBUTE_TYPE_VALUE_COLUMN",
                    "title": "Governance view attribute type value for column",
                    "default": "COLUMN"
                  },
                  "bdlGovernanceViewAttributeTypeValueTable": {
                    "type": "string",
                    "readOnly": true,
                    "application": false,
                    "level": 2,
                    "internalName": "BDL_GOVERNANCE_PARAM_VIEW_ATTRIBUTE_TYPE_VALUE_TABLE",
                    "title": "Governance view attribute type value for table",
                    "default": "TABLE"
                  },
                  "bdlGovernanceViewAttributeTypeValueFeature": {
                    "type": "string",
                    "readOnly": true,
                    "application": false,
                    "level": 2,
                    "internalName": "BDL_GOVERNANCE_PARAM_VIEW_ATTRIBUTE_TYPE_VALUE_FEATURE",
                    "title": "Governance view attribute type value for feature",
                    "default": "FEATURE"
                  },
                  "bdlGovernanceViewAttributeTypeValueFeatureGlobal": {
                    "type": "string",
                    "readOnly": true,
                    "application": false,
                    "level": 2,
                    "internalName": "BDL_GOVERNANCE_PARAM_VIEW_ATTRIBUTE_TYPE_VALUE_FEATURE_GLOBAL",
                    "title": "Governance view attribute type value for global feature",
                    "default": "FEATURE_GLOBAL"
                  },
                  "bdlGovernanceRelationTypeValuePropertyColumn": {
                    "type": "string",
                    "readOnly": true,
                    "application": false,
                    "level": 2,
                    "internalName": "BDL_GOVERNANCE_PARAM_RELATION_TYPE_VALUE_PROPERTY_COLUMN",
                    "title": "Governance relation type value for property to column",
                    "default": "PROPERTY_COLUMN"
                  },
                  "bdlGovernanceRelationTypeValuePropertyTable": {
                    "type": "string",
                    "readOnly": true,
                    "application": false,
                    "level": 2,
                    "internalName": "BDL_GOVERNANCE_PARAM_RELATION_TYPE_VALUE_PROPERTY_TABLE",
                    "title": "Governance relation type value for property to table",
                    "default": "PROPERTY_TABLE"
                  },
                  "bdlGovernanceRelationTypeValueConceptTable": {
                    "type": "string",
                    "readOnly": true,
                    "application": false,
                    "level": 2,
                    "internalName": "BDL_GOVERNANCE_PARAM_RELATION_TYPE_VALUE_CONCEPT_TABLE",
                    "title": "Governance relation type value for concept to table",
                    "default": "CONCEPT_TABLE"
                  },
                  "bdlGovernanceBpmEntityTypeId": {
                    "type": "string",
                    "readOnly": true,
                    "application": false,
                    "level": 2,
                    "internalName": "BDL_GOVERNANCE_BPM_ENTITY_TYPE_ID",
                    "title": "Governance BPM entity type id",
                    "default": "6"
                  },
                  "bdlGovernanceBpmActionPublishFromStatus": {
                    "type": "string",
                    "readOnly": true,
                    "application": false,
                    "level": 2,
                    "internalName": "BDL_GOVERNANCE_BPM_ACTION_PUBLISH_FROM_STATUS",
                    "title": "Governance BPM from status for publish action",
                    "default": "Pending Publish"
                  },
                  "bdlGovernanceBpmActionPublishToStatusOnSuccess": {
                    "type": "string",
                    "readOnly": true,
                    "application": false,
                    "level": 2,
                    "internalName": "BDL_GOVERNANCE_BPM_ACTION_PUBLISH_TO_STATUS_ON_SUCCESS",
                    "title": "Governance BPM to status on success for publish action",
                    "default": "Published"
                  },
                  "bdlGovernanceBpmActionPublishToStatusOnError": {
                    "type": "string",
                    "readOnly": true,
                    "application": false,
                    "level": 2,
                    "internalName": "BDL_GOVERNANCE_BPM_ACTION_PUBLISH_TO_STATUS_ON_ERROR",
                    "title": "Governance BPM to status on error for publish action",
                    "default": "Need Modifications"
                  },
                  "bdlGovernanceBpmActionPublishCheckSucceededElements": {
                    "type": "boolean",
                    "readOnly": true,
                    "application": false,
                    "level": 2,
                    "internalName": "BDL_GOVERNANCE_BPM_ACTION_PUBLISH_CHECK_SUCCEEDED_ELEMENTS",
                    "title": "Check success status for publish action?",
                    "default": true
                  },
                  "bdlGovernanceBpmActionUnpublishFromStatus": {
                    "type": "string",
                    "readOnly": true,
                    "application": false,
                    "level": 2,
                    "internalName": "BDL_GOVERNANCE_BPM_ACTION_UNPUBLISH_FROM_STATUS",
                    "title": "Governance BPM from status for unpublish action",
                    "default": "Pending Unpublish"
                  },
                  "bdlGovernanceBpmActionUnpublishToStatusOnSuccess": {
                    "type": "string",
                    "readOnly": true,
                    "application": false,
                    "level": 2,
                    "internalName": "BDL_GOVERNANCE_BPM_ACTION_UNPUBLISH_TO_STATUS_ON_SUCCESS",
                    "title": "Governance BPM to status on success for unpublish action",
                    "default": "Unpublished"
                  },
                  "bdlGovernanceBpmActionUnpublishCheckSucceededElements": {
                    "type": "boolean",
                    "readOnly": true,
                    "application": false,
                    "level": 2,
                    "internalName": "BDL_GOVERNANCE_BPM_ACTION_UNPUBLISH_CHECK_SUCCEEDED_ELEMENTS",
                    "title": "Check success status for unpublish action?",
                    "default": false
                  }
                },
                "required": [
                  "bdlAgentCollectionName",
                  "bdlAgentCollectionNameInternal"
                ]
              },
              "CrossdataCatalogSettings": {
                "type": "object",
                "additionalProperties": false,
                "ui": {
                  "component": "standard"
                },
                "name": "CrossdataCatalogSettings",
                "title": "Crossdata settings",
                "description": "",
                "properties": {
                  "catalogType": {
                    "application": false,
                    "description": "CatalogType",
                    "internalName": "BDL_CATALOGS_BASIC_DEFINITION_TYPE",
                    "level": 1,
                    "readOnly": true,
                    "required": true,
                    "title": "Type",
                    "type": "string",
                    "ui": {
                      "updatable": false
                    },
                    "default": "Hive"
                  },
                  "datastoreHost": {
                    "description": "Host name of the metadata datastore or if it's a framework, the node with the role 'master'.",
                    "type": "string",
                    "required": true,
                    "readOnly": false,
                    "application": false,
                    "level": 1,
                    "internalName": "DATASTORE_HOST",
                    "title": "Datastore Host",
                    "default": "${postgresDiscovery.host}"
                  },
                  "datastoreNamespace": {
                    "description": "Namespace of the metadata datastore.",
                    "type": "string",
                    "required": true,
                    "readOnly": true,
                    "application": false,
                    "level": 1,
                    "internalName": "DATASTORE_NAMESPACE",
                    "title": "Datastore Namespace",
                    "default": "${postgresDiscovery.namespace}"
                  },
                  "datastoreDatabase": {
                    "description": "Set database hive",
                    "type": "string",
                    "readOnly": false,
                    "application": false,
                    "level": 1,
                    "internalName": "DATASTORE_DATABASE",
                    "ui": {
                      "updatable": false
                    },
                    "title": "Database",
                    "default": "virtualizer"
                  },
                  "catalogUrl": {
                    "description": "Hive connection string",
                    "type": "string",
                    "maxLength": 512,
                    "minLength": 3,
                    "required": true,
                    "readOnly": false,
                    "application": false,
                    "level": 2,
                    "internalName": "BDL_CATALOGS_BASIC_DEFINITION_CONNECTION_STRING",
                    "title": "Metadata Catalog (Connection String)",
                    "default": "jdbc:postgresql://${datastoreHost}.${datastoreNamespace}/${datastoreDatabase}?prepareThreshold=0"
                  },
                  "bdlCatalogsBasicDefinitionPrefixes": {
                    "type": "string",
                    "required": false,
                    "readOnly": false,
                    "application": false,
                    "level": 2,
                    "internalName": "BDL_CATALOGS_BASIC_DEFINITION_PREFIXES_WITHOUT_LIST_ENCLOSURE",
                    "examples": [
                      "catalog1, catalog2"
                    ],
                    "title": "BDL Crossdata catalog names (comma-separated list of names)",
                    "pattern": ".+",
                    "default": "xdcatalog"
                  },
                  "bdlCatalogsBasicDefinitionPrefixesInternal": {
                    "type": "string",
                    "required": false,
                    "readOnly": false,
                    "application": false,
                    "level": 2,
                    "internalName": "BDL_CATALOGS_BASIC_DEFINITION_PREFIXES",
                    "title": "BDL Crossdata catalog names (internal)",
                    "default": "\\[${bdlCatalogsBasicDefinitionPrefixes}\\]"
                  }
                },
                "required": []
              }
            },
            "required": []
          },
          "identity": {
            "type": "object",
            "additionalProperties": false,
            "ui": null,
            "name": "identity",
            "title": "Service identity",
            "description": "identity",
            "properties": {
              "approlename": {
                "application": false,
                "default": "${Application.domain}-${Application.name}",
                "description": "App role used to recover a Vault token with a pre-defined policy",
                "internalName": "VAULT_ROLE",
                "level": 1,
                "readOnly": false,
                "required": true,
                "title": "Vault role",
                "type": "string",
                "ui": {
                  "updatable": true
                }
              }
            },
            "required": [
              "approlename"
            ]
          },
          "calico": {
            "type": "object",
            "additionalProperties": false,
            "ui": {
              "component": "standard"
            },
            "name": "calico",
            "title": "Calico Network",
            "description": "Set the calico network where BDL Agent will be deployed.",
            "properties": {
              "networkSegmentation": {
                "description": "Set to true if you want to enable Calico segmentation.",
                "type": "boolean",
                "readOnly": true,
                "application": false,
                "level": 2,
                "internalName": "NETWORK_SEGMENTATION",
                "title": "Network segmentation",
                "default": true
              }
            }
          },
          "resources": {
            "type": "object",
            "additionalProperties": false,
            "ui": {
              "component": "accordion"
            },
            "name": "resources",
            "title": "Resources",
            "description": "Set the resources where agent will be deployed.",
            "properties": {
              "INSTANCES": {
                "description": "Instances for the service",
                "type": "number",
                "minimum": 0,
                "required": true,
                "readOnly": false,
                "application": true,
                "level": 1,
                "internalName": "INSTANCES",
                "title": "Instances for the service",
                "default": 1
              },
              "CPUs": {
                "description": "CPUs for the service",
                "type": "number",
                "required": true,
                "readOnly": false,
                "application": true,
                "level": 1,
                "internalName": "CPUs",
                "title": "CPUs for the service",
                "default": 2
              },
              "MEM": {
                "description": "Memory for the service",
                "type": "number",
                "required": true,
                "readOnly": false,
                "application": true,
                "level": 1,
                "internalName": "MEM",
                "title": "Memory for the service",
                "default": 2048
              },
              "DISK": {
                "description": "Disk for the service",
                "type": "number",
                "required": true,
                "readOnly": false,
                "application": true,
                "level": 1,
                "internalName": "DISK",
                "title": "Disk for the service",
                "default": 0
              },
              "GPUs": {
                "description": "GPUs for the service",
                "type": "number",
                "required": true,
                "readOnly": false,
                "application": true,
                "level": 2,
                "internalName": "GPUs",
                "title": "GPUs for the service",
                "default": 0
              }
            },
            "required": [
              "INSTANCES",
              "CPUs",
              "MEM",
              "DISK",
              "GPUs"
            ]
          }
        },
        "required": [
          "serviceId",
          "executePrerequisites"
        ]
      },
      "settings": {
        "type": "object",
        "additionalProperties": false,
        "ui": null,
        "name": "settings",
        "title": "Settings",
        "description": "settings",
        "properties": {
          "bdlAgentPublisherMode": {
            "type": "boolean",
            "readOnly": false,
            "application": false,
            "level": 1,
            "internalName": "BDL_AGENT_ENABLED",
            "title": "Enable publisher mode?",
            "description": "Publisher mode makes the agent to publish collection layers (technical and semantic). If disabled, it will not monitor collections and will not publish them.",
            "default": true
          },
          "bdlAgentOptimizerMode": {
            "type": "boolean",
            "readOnly": false,
            "application": false,
            "level": 1,
            "internalName": "BDL_AGENT_JDBC_OPTIMIZER_ENABLED",
            "title": "Enable optimizer mode?",
            "description": "Optimizer mode makes the agent to optimize JDBC tables registered at Stratio Governance, finding out their best partition column to optimize Spark access to them.",
            "default": true
          },
          "bdlAgentEnableFetchJar": {
            "description": "Enable Driver's JAR download from a URL using internal logic",
            "type": "boolean",
            "required": true,
            "readOnly": false,
            "application": false,
            "level": 1,
            "internalName": "FETCH_ENABLED",
            "title": "Fetch Driver's JAR using internal logic",
            "default": false
          },
          "bdlAgentAdditionalJars": {
            "type": "string",
            "required": true,
            "readOnly": false,
            "application": false,
            "level": 1,
            "internalName": "BDL_AGENT_ADDITIONAL_JARS",
            "ui": {
              "visible": {
                "bdlAgentEnableFetchJar": true
              }
            },
            "examples": [
              "http://localhost:1234/myDependency1.jar,http://localhost:1234/myDependency2.jar"
            ],
            "default": "",
            "title": "Additional jars",
            "description": "Comma-separated list of files (usually driver jars) needed by BDL Agent. They will be fetched during agent's start-up."
          },
          "publisherSettings": {
            "type": "object",
            "additionalProperties": false,
            "ui": {
              "component": "accordion",
              "visible": {
                "bdlAgentPublisherMode": true
              }
            },
            "name": "publisherSettings",
            "title": "Publisher settings",
            "description": "Publisher configuration settings",
            "properties": {
              "bdlAgentCollectionsBunchSize": {
                "type": "number",
                "readOnly": false,
                "application": false,
                "required": true,
                "level": 1,
                "internalName": "BDL_AGENT_COLLECTION_BUNCH_SIZE",
                "title": "Collections parallelism",
                "description": "Defines how many collections will be processed in parallel",
                "default": 20
              },
              "bdlAgentCollectionBlacklist": {
                "type": "string",
                "required": false,
                "readOnly": false,
                "application": false,
                "level": 1,
                "internalName": "BDL_COLLECTION_BLACKLIST_WITHOUT_LIST_ENCLOSURE",
                "examples": [
                  "collection1, collection2",
                  "*",
                  "coll*",
                  "*tion"
                ],
                "default": "",
                "title": "Collections blacklist",
                "description": "Matching collections will not be monitored"
              },
              "bdlAgentCollectionBlacklistInternal": {
                "type": "string",
                "required": true,
                "readOnly": false,
                "application": false,
                "level": 2,
                "internalName": "BDL_AGENT_COLLECTION_BLACKLIST",
                "title": "Collections blacklist (internal)",
                "default": "\\[${bdlAgentCollectionBlacklist}\\]"
              },
              "bdlGovernanceCompatibleSemanticCollection": {
                "type": "boolean",
                "readOnly": false,
                "application": false,
                "level": 1,
                "internalName": "BDL_GOVERNANCE_COMPATIBLE_SEMANTIC_COLLECTION",
                "title": "Create semantic layer compatible with previous Crossdata versions?",
                "default": true
              },
              "bdlGovernanceOntologyCreateOperationalViews": {
                "type": "boolean",
                "readOnly": false,
                "application": false,
                "level": 1,
                "internalName": "BDL_GOVERNANCE_ONTOLOGY_CREATE_OPERATIONAL_VIEWS",
                "title": "Create operational semantic layer?",
                "default": true
              },
              "bdlGovernanceOntologyCreateSecuredOperationalViews": {
                "type": "boolean",
                "readOnly": false,
                "application": false,
                "level": 1,
                "internalName": "BDL_PUBLISH_SECURED_OPERATIONAL_CONCEPTS",
                "title": "Secure operational semantic layer?",
                "default": true
              },
              "bdlGovernanceOntologyCreateAbstractConcepts": {
                "type": "boolean",
                "readOnly": false,
                "application": false,
                "level": 1,
                "internalName": "BDL_GOVERNANCE_ONTOLOGY_CREATE_ABSTRACT_CONCEPTS",
                "title": "Create abstract concepts?",
                "default": false
              },
              "bdlAgentMultiHDFSSupportedTechnologies": {
                "type": "string",
                "readOnly": true,
                "application": false,
                "level": 1,
                "internalName": "BDL_AGENT_MULTI_HDFS_SUPPORTED_TECHNOLOGIES",
                "title": "Multi-HDFS supported technologies",
                "default": "hdfs"
              },
              "publisherCronSettings": {
                "type": "object",
                "additionalProperties": false,
                "ui": {
                  "component": "standard"
                },
                "name": "publisherCronSettings",
                "title": "Publisher Cron settings",
                "description": "Define when will the agent publish collection layers",
                "properties": {
                  "bdlAgentCronPeriod": {
                    "type": "string",
                    "readOnly": false,
                    "application": false,
                    "level": 1,
                    "internalName": "BDL_AGENT_CRON_PERIOD",
                    "title": "Publisher mode execution period/cron",
                    "default": "15 seconds"
                  },
                  "bdlAgentForcedCronEnabled": {
                    "type": "boolean",
                    "readOnly": false,
                    "application": false,
                    "level": 1,
                    "internalName": "BDL_AGENT_FORCED_CRON_ENABLED",
                    "title": "Force publisher mode execution periodically?",
                    "default": true
                  },
                  "bdlAgentForcedCronPeriod": {
                    "type": "string",
                    "readOnly": false,
                    "application": false,
                    "level": 1,
                    "internalName": "BDL_AGENT_FORCED_CRON_PERIOD",
                    "ui": {
                      "visible": {
                        "bdlAgentForcedCronEnabled": true
                      }
                    },
                    "title": "Publisher mode forced execution period/cron",
                    "examples": [
                      "10000",
                      "2 hours",
                      "* * 0 ? * MON-FRI"
                    ],
                    "default": "2 hours"
                  },
                  "bdlAgentForcedCronRetryAttempts": {
                    "type": "number",
                    "readOnly": false,
                    "application": false,
                    "level": 1,
                    "internalName": "BDL_AGENT_FORCED_CRON_RETRY_ATTEMPTS",
                    "ui": {
                      "visible": {
                        "bdlAgentForcedCronEnabled": true
                      }
                    },
                    "title": "Publisher mode forced execution retry attempts",
                    "default": 15
                  },
                  "bdlAgentForcedCronRetryAttemptsAwaitDelta": {
                    "type": "string",
                    "readOnly": false,
                    "application": false,
                    "level": 1,
                    "internalName": "BDL_AGENT_FORCED_CRON_RETRY_ATTEMPTS_AWAIT_DELTA",
                    "ui": {
                      "visible": {
                        "bdlAgentForcedCronEnabled": true
                      }
                    },
                    "title": "Publisher mode forced execution retry attempts await delta",
                    "description": "Await time between publishing forced cron attempts (when blocked by another running publishing process) as a Scala duration String",
                    "examples": [
                      "10 seconds",
                      "5 minutes",
                      "1 hour"
                    ],
                    "default": "10 seconds"
                  },
                  "bdlAgentFirstIterationIsForced": {
                    "type": "boolean",
                    "readOnly": false,
                    "application": false,
                    "level": 1,
                    "internalName": "BDL_AGENT_FIRST_ITERATION_IS_FORCED",
                    "title": "Is first iteration a forced execution?",
                    "description": "Applies to publishing process. When true, then first iteration will be a forced/full iteration. When false, then first iteration will be a basic/partial iteration",
                    "default": true
                  },
                  "bdlAgentForceBasicCronWhenNoForcedCron": {
                    "type": "boolean",
                    "readOnly": false,
                    "application": false,
                    "level": 1,
                    "internalName": "BDL_AGENT_FORCE_BASIC_CRON_WHEN_NO_FORCED_CRON",
                    "ui": {
                      "visible": {
                        "bdlAgentForcedCronEnabled": false
                      }
                    },
                    "title": "When forced cron is disabled, execute basic cron as forced cron?",
                    "description": "Applies to publishing process. When true and no forced cron enabled or defined, then basic/partial iterations will be executed as a forced/full iterations. When false and no forced cron enabled or defined, then basic/partial iterations will be executed as basic/partial iterations (no forced/full iterations will be executed)",
                    "default": true
                  }
                },
                "required": []
              },
              "publisherNotifications": {
                "type": "object",
                "additionalProperties": false,
                "ui": {
                  "component": "accordion"
                },
                "name": "publisherNotifications",
                "title": "Notifications",
                "description": "Configure the notifications of events related to collections publishing",
                "properties": {
                  "domainSyncErrorEndpoint": {
                    "type": "string",
                    "readOnly": false,
                    "application": false,
                    "level": 1,
                    "internalName": "BDL_GOVERNANCE_AUTOMATION_DOMAIN_SYNC_ERROR_URI",
                    "title": "Endpoint to notify domain synchronization errors",
                    "examples": [
                      "automation/v1/syncDomainError"
                    ],
                    "default": "automation/v1/unknown"
                  },
                  "domainSyncSuccessEndpoint": {
                    "type": "string",
                    "readOnly": false,
                    "application": false,
                    "level": 1,
                    "internalName": "BDL_GOVERNANCE_AUTOMATION_DOMAIN_SYNC_SUCCESS_URI",
                    "title": "Endpoint to notify domain synchronization success events",
                    "examples": [
                      "automation/v1/syncDomainSuccess"
                    ],
                    "default": "automation/v1/unknown"
                  }
                },
                "required": []
              }
            },
            "required": []
          },
          "optimizerSettings": {
            "type": "object",
            "additionalProperties": false,
            "ui": {
              "component": "accordion",
              "visible": {
                "bdlAgentOptimizerMode": true
              }
            },
            "name": "optimizerSettings",
            "title": "Optimizer settings",
            "description": "Optimizer configuration settings",
            "properties": {
              "bdlAgentJdbcOptimizerFallbackToDialects": {
                "type": "boolean",
                "readOnly": false,
                "application": false,
                "level": 1,
                "internalName": "OPTIMIZER_USE_DIALECTS",
                "title": "Fallback to dialects-based optimization?",
                "description": "When no optimization could be found using memory-based mode, sets if optimizer should fallback to dialects-based mode",
                "default": true
              },
              "bdlAgentJdbcOptimizerForceForcedPartitionColumn": {
                "type": "boolean",
                "readOnly": false,
                "application": false,
                "level": 1,
                "internalName": "OPTIMIZER_FORCE_FORCED_PARTITION_COLUMN",
                "title": "Use forcedPartitionColumn always?",
                "description": "Optimizer will use forcedPartitionColumn even if it is not valid",
                "default": true
              },
              "bdlAgentJdbcOptimizerInitialSize": {
                "type": "number",
                "readOnly": false,
                "application": false,
                "level": 1,
                "internalName": "OPTIMIZER_PARTITION_INITIAL_SIZE",
                "title": "Partition's initial size",
                "description": "Number of rows to be loaded when starting optimization process",
                "default": 10000
              },
              "bdlAgentJdbcOptimizerMemorySize": {
                "type": "string",
                "readOnly": false,
                "application": false,
                "level": 1,
                "internalName": "OPTIMIZER_TEST_MEMORY_SIZE",
                "title": "Memory limit",
                "description": "Maximum memory to be used to calculate partitioning. It should be desired partition size plus ~60Mb",
                "default": "192m"
              },
              "bdlAgentJdbcOptimizerMaxPartitions": {
                "type": "number",
                "readOnly": false,
                "application": false,
                "level": 1,
                "internalName": "BDL_AGENT_JDBC_OPTIMIZER_MAX_PARTITIONS",
                "title": "Partitions limit",
                "description": "Maximum number of partitions to be used to calculate partitioning",
                "default": 10000
              },
              "optimizerCronSettings": {
                "type": "object",
                "additionalProperties": false,
                "ui": {
                  "component": "standard"
                },
                "name": "optimizerCronSettings",
                "title": "Optimizer Cron settings",
                "description": "Define when will the agent optimize JDBC tables",
                "properties": {
                  "bdlAgentJdbcOptimizationCronPeriod": {
                    "type": "string",
                    "readOnly": false,
                    "application": false,
                    "level": 1,
                    "internalName": "BDL_AGENT_JDBC_OPTIMIZER_CRON_PERIOD",
                    "title": "Optimizer mode execution period/cron",
                    "default": "5 minutes"
                  },
                  "bdlAgentJdbcOptimizationForcedCronEnabled": {
                    "type": "boolean",
                    "readOnly": false,
                    "application": false,
                    "level": 1,
                    "internalName": "BDL_AGENT_JDBC_OPTIMIZER_FORCED_CRON_ENABLED",
                    "title": "Force optimizer mode execution periodically?",
                    "default": true
                  },
                  "bdlAgentJdbcOptimizationForcedCronPeriod": {
                    "type": "string",
                    "readOnly": false,
                    "application": false,
                    "level": 1,
                    "internalName": "BDL_AGENT_JDBC_OPTIMIZER_FORCED_CRON_PERIOD",
                    "ui": {
                      "visible": {
                        "bdlAgentJdbcOptimizationForcedCronEnabled": true
                      }
                    },
                    "title": "Optimizer mode forced execution period/cron",
                    "examples": [
                      "10000",
                      "2 hours",
                      "* * 0 ? * MON-FRI"
                    ],
                    "default": "* * 0 ? * MON-FRI"
                  },
                  "bdlAgentJdbcOptimizationForcedCronRetryAttempts": {
                    "type": "number",
                    "readOnly": false,
                    "application": false,
                    "level": 1,
                    "internalName": "BDL_AGENT_JDBC_OPTIMIZER_FORCED_CRON_RETRY_ATTEMPTS",
                    "ui": {
                      "visible": {
                        "bdlAgentJdbcOptimizationForcedCronEnabled": true
                      }
                    },
                    "title": "Optimizer mode forced execution retry attempts",
                    "default": 15
                  },
                  "bdlAgentJdbcOptimizationForcedCronRetryAttemptsAwaitDelta": {
                    "type": "string",
                    "readOnly": false,
                    "application": false,
                    "level": 1,
                    "internalName": "BDL_AGENT_JDBC_OPTIMIZER_FORCED_CRON_RETRY_ATTEMPTS_AWAIT_DELTA",
                    "ui": {
                      "visible": {
                        "bdlAgentJdbcOptimizationForcedCronEnabled": true
                      }
                    },
                    "title": "Optimizer mode forced execution retry attempts await delta",
                    "description": "Await time between optimization forced cron attempts (when blocked by another running optimization process) as a Scala duration String",
                    "examples": [
                      "10 seconds",
                      "5 minutes",
                      "1 hour"
                    ],
                    "default": "10 seconds"
                  },
                  "bdlAgentJdbcOptimizationFirstIterationIsForced": {
                    "type": "boolean",
                    "readOnly": false,
                    "application": false,
                    "level": 1,
                    "internalName": "BDL_AGENT_JDBC_OPTIMIZER_FIRST_ITERATION_IS_FORCED",
                    "title": "Is first iteration a forced execution?",
                    "description": "Applies to optimization process. When true, then first iteration will be a forced/full iteration. When false, then first iteration will be a basic/partial iteration",
                    "default": true
                  },
                  "bdlAgentJdbcOptimizationForceBasicCronWhenNoForcedCron": {
                    "type": "boolean",
                    "readOnly": false,
                    "application": false,
                    "level": 1,
                    "internalName": "BDL_AGENT_JDBC_OPTIMIZER_FORCE_BASIC_CRON_WHEN_NO_FORCED_CRON",
                    "ui": {
                      "visible": {
                        "bdlAgentJdbcOptimizationForcedCronEnabled": false
                      }
                    },
                    "title": "When forced cron is disabled, execute basic cron as forced cron?",
                    "description": "Applies to optimization process. When true and no forced cron enabled or defined, then basic/partial iterations will be executed as a forced/full iterations. When false and no forced cron enabled or defined, then basic/partial iterations will be executed as basic/partial iterations (no forced/full iterations will be executed)",
                    "default": true
                  }
                },
                "required": []
              }
            },
            "required": []
          },
          "logging": {
            "type": "object",
            "additionalProperties": false,
            "ui": {
              "component": "accordion"
            },
            "name": "logging",
            "title": "Logging settings",
            "description": "Logging configuration settings",
            "properties": {
              "bdlLogLevel": {
                "type": "string",
                "readOnly": false,
                "application": false,
                "level": 1,
                "internalName": "BDL_LOG_LEVEL",
                "title": "Log level",
                "enum": [
                  "TRACE",
                  "DEBUG",
                  "INFO",
                  "WARN",
                  "ERROR"
                ],
                "default": "INFO"
              },
              "bdlLoggingType": {
                "type": "string",
                "readOnly": false,
                "application": false,
                "level": 1,
                "internalName": "BDL_LOGGING_TYPE",
                "title": "Logging type",
                "enum": [
                  "CentralizedJSON",
                  "Centralized"
                ],
                "default": "CentralizedJSON"
              }
            },
            "required": []
          },
          "healthcheck": {
            "type": "object",
            "additionalProperties": false,
            "ui": {
              "component": "accordion"
            },
            "name": "healthcheck",
            "title": "Health check settings",
            "description": "Health check configuration settings",
            "properties": {
              "healthCheckEnabled": {
                "type": "boolean",
                "readOnly": false,
                "application": false,
                "level": 1,
                "internalName": "BDL_SERVER_HEALTHCHECK_ENABLED",
                "title": "Enable health checks?",
                "default": true
              },
              "healthCheckChroot": {
                "type": "string",
                "readOnly": false,
                "application": false,
                "level": 2,
                "internalName": "BDL_SERVER_HEALTHCHECK_CHROOT",
                "title": "Health check endpoint's chroot",
                "default": "health"
              },
              "healthCheckPath": {
                "type": "string",
                "readOnly": false,
                "application": false,
                "level": 2,
                "internalName": "BDL_SERVER_HEALTHCHECK_PATH",
                "title": "Health check endpoint's path",
                "default": "status"
              },
              "asyncHealthCheck": {
                "type": "object",
                "additionalProperties": false,
                "ui": {
                  "component": "accordion"
                },
                "title": "Asynchronous health check settings",
                "description": "Common configuration for asynchronous health checks",
                "properties": {
                  "asyncHealthCheckInterval": {
                    "type": "string",
                    "readOnly": false,
                    "application": false,
                    "level": 1,
                    "internalName": "BDL_SERVER_ASYNCHRONOUS_HEALTHCHECK_DELAY",
                    "title": "Interval",
                    "description": "How often asynchronous health checks will be executed",
                    "default": "30 seconds"
                  }
                },
                "required": []
              },
              "adaptiveAsyncHealthCheck": {
                "type": "object",
                "additionalProperties": false,
                "ui": {
                  "component": "accordion"
                },
                "title": "Adaptive asynchronous health check settings",
                "description": "Common configuration for adaptive asynchronous health checks",
                "properties": {
                  "adaptiveAsyncHealthCheckInitialDelay": {
                    "type": "string",
                    "readOnly": false,
                    "application": false,
                    "level": 1,
                    "internalName": "BDL_SERVER_ADAPTIVE_HEALTHCHECK_INITIAL_DELAY",
                    "title": "Initial delay",
                    "description": "Starting delay to execute adaptive health checks",
                    "default": "15 seconds"
                  },
                  "adaptiveAsyncHealthCheckMinDelay": {
                    "type": "string",
                    "readOnly": false,
                    "application": false,
                    "level": 1,
                    "internalName": "BDL_SERVER_ADAPTIVE_HEALTHCHECK_MINIMUM_DELAY",
                    "title": "Minimum delay",
                    "description": "Minimum delay to execute adaptive health checks. Adaptive health checks will be executed with this delay at most.",
                    "default": "5 seconds"
                  },
                  "adaptiveAsyncHealthCheckMaxDelay": {
                    "type": "string",
                    "readOnly": false,
                    "application": false,
                    "level": 1,
                    "internalName": "BDL_SERVER_ADAPTIVE_HEALTHCHECK_MAXIMUM_DELAY",
                    "title": "Maximum delay",
                    "description": "Maximum delay to execute adaptive health checks. Adaptive health checks will be executed with this delay at least.",
                    "default": "1 hour"
                  },
                  "adaptiveAsyncHealthCheckDelayFactor": {
                    "type": "string",
                    "readOnly": false,
                    "application": false,
                    "level": 1,
                    "internalName": "BDL_SERVER_ADAPTIVE_HEALTHCHECK_DELAY_FACTOR",
                    "title": "Scaling factor",
                    "description": "Factor to apply to current delay to get next delay (depending on health check's status)",
                    "default": "2.0"
                  }
                },
                "required": []
              }
            },
            "required": []
          },
          "prometheusMetrics": {
            "type": "object",
            "additionalProperties": false,
            "ui": {
              "component": "accordion"
            },
            "name": "prometheusMetrics",
            "title": "Prometheus metrics",
            "description": "Enable the Prometheus-style metrics endpoint.",
            "properties": {
              "bdlMetricsPrometheusEnabled": {
                "description": "Enable the Prometheus-style metrics endpoint.",
                "type": "boolean",
                "readOnly": false,
                "application": false,
                "level": 1,
                "internalName": "BDL_SERVER_PROMETHEUS_ENABLED",
                "title": "Prometheus metrics",
                "default": true
              },
              "bdlMetricsPrometheusChroot": {
                "description": "Application path where deploy metrics endpoint",
                "type": "string",
                "readOnly": false,
                "application": false,
                "level": 2,
                "internalName": "BDL_SERVER_PROMETHEUS_CHROOT",
                "title": "Endpoint root path",
                "default": "/"
              },
              "bdlMetricsPrometheusPath": {
                "description": "Prometheus metrics endpoint context path.",
                "type": "string",
                "readOnly": false,
                "application": false,
                "level": 1,
                "internalName": "BDL_SERVER_PROMETHEUS_PATH",
                "title": "Endpoint name",
                "default": "metrics"
              }
            },
            "required": []
          },
          "stepSecrets": {
            "type": "boolean",
            "readOnly": false,
            "application": false,
            "level": 2,
            "internalName": "STEP_SECRETS",
            "title": "Step secrets",
            "default": true
          },
          "useReadOnlyAsReplica": {
            "type": "boolean",
            "readOnly": false,
            "application": false,
            "level": 2,
            "internalName": "BDL_AGENT_USE_READONLY_AS_REPLICA",
            "title": "Publish ReadOnly views as Replica views",
            "default": false
          },
          "userCertName": {
            "type": "string",
            "readOnly": false,
            "application": false,
            "level": 2,
            "internalName": "USER_CERT_NAME",
            "title": "User cert name",
            "default": "${tenantName}"
          },
          "bdlAgentUser": {
            "type": "string",
            "readOnly": false,
            "application": false,
            "level": 2,
            "internalName": "BDL_AGENT_USER",
            "title": "Bdl agent user",
            "default": "${tenantName}"
          },
          "bdlStoragePath": {
            "type": "string",
            "readOnly": false,
            "application": false,
            "level": 2,
            "internalName": "BDL_STORAGE_PATH",
            "title": "Bdl storage path",
            "default": "/tmp"
          },
          "bdlStoragePersistence": {
            "type": "string",
            "readOnly": false,
            "application": false,
            "level": 2,
            "internalName": "BDL_STORAGE_PERSISTENCE",
            "title": "Bdl storage persistence",
            "default": "parquet"
          },
          "bdlStorageStratioSecurity": {
            "type": "boolean",
            "readOnly": false,
            "application": false,
            "level": 2,
            "internalName": "BDL_STORAGE_STRATIO_SECURITY",
            "title": "Bdl storage stratio security",
            "default": true
          },
          "bdlStorageStratioSecurityMode": {
            "type": "string",
            "readOnly": false,
            "application": false,
            "level": 2,
            "internalName": "BDL_STORAGE_STRATIO_SECURITY_MODE",
            "title": "Bdl storage stratio security mode",
            "default": "tls"
          },
          "secretsPath": {
            "type": "object",
            "additionalProperties": false,
            "ui": {
              "component": "accordion"
            },
            "name": "secretsPath",
            "title": "",
            "description": "Secrets location configuration",
            "properties": {
              "nativeMode": {
                "description": "In native mode, secrets will be generated and uploaded. Path/instance will also be adapted",
                "type": "boolean",
                "required": true,
                "readOnly": true,
                "application": false,
                "level": 1,
                "internalName": "NATIVE_MODE",
                "title": "Use auto-generated identity",
                "default": true
              },
              "extractSecretPath": {
                "description": "Path where our TLS/MD5 instance secrets are placed. Dynamically adapted in native mode",
                "type": "string",
                "required": true,
                "readOnly": false,
                "application": false,
                "level": 1,
                "internalName": "EXTRACT_PATH",
                "title": "Vault path",
                "default": "${Application.id}"
              },
              "extractSecretInstance": {
                "description": "TLS/MD5 instance name where we will place our secret. Dynamically adapted in native mode",
                "type": "string",
                "required": true,
                "readOnly": false,
                "application": false,
                "level": 1,
                "internalName": "EXTRACT_INSTANCE",
                "title": "Instance name",
                "default": "${Application.id}"
              }
            }
          }
        },
        "required": []
      },
      "environment": {
        "type": "object",
        "additionalProperties": false,
        "ui": null,
        "name": "environment",
        "title": "Environment",
        "description": "Environment",
        "properties": {
          "vault": {
            "type": "object",
            "additionalProperties": false,
            "ui": null,
            "name": "vault",
            "title": "Vault",
            "description": "vault",
            "properties": {
              "vaultHost": {
                "type": "string",
                "readOnly": true,
                "application": false,
                "level": 1,
                "internalName": "VAULT_HOST",
                "title": "Vault host",
                "default": "${globals.vault.vaultHost}"
              },
              "vaultPath": {
                "type": "string",
                "readOnly": true,
                "application": false,
                "level": 1,
                "internalName": "VAULT_PATH",
                "title": "Vault path",
                "default": "userland"
              },
              "vaultPort": {
                "type": "number",
                "readOnly": true,
                "application": false,
                "level": 1,
                "internalName": "VAULT_PORT",
                "title": "Vault port",
                "default": "${globals.vault.vaultPort}"
              }
            },
            "required": []
          },
          "kerberos": {
            "type": "object",
            "additionalProperties": false,
            "ui": null,
            "name": "kerberos",
            "title": "Kerberos",
            "description": "kerberos",
            "properties": {
              "bdlKerberosRenewalInterval": {
                "type": "string",
                "readOnly": true,
                "application": false,
                "level": 1,
                "internalName": "BDL_KERBEROS_RENEWAL_INTERVAL",
                "title": "Bdl kerberos renewal interval",
                "default": "4h"
              },
              "krb5ConfigMapName": {
                "description": "Sets the configmap with the krb5 config used to connect with hdfs. Usually is allocated in keos-kerberos-config",
                "type": "string",
                "required": false,
                "readOnly": false,
                "application": false,
                "level": 1,
                "internalName": "HDFS_KRB5_CONFIG_MAP",
                "title": "HDFS Kerberos configmap",
                "default": "keos-kerberos-config"
              }
            },
            "required": []
          }
        },
        "required": []
      }
    }
  },
  "lifecycles": {
    "install": {
      "start": [
        {
          "type": "core/disable",
          "tag": "gosec-register",
          "enabled": "false"
        },
        {
          "label": "Print install start log",
          "type": "io/print",
          "text": "Lifecycle: Install/start"
        },
        {
          "label": "ServiceId: ${serviceId}  -  ApplicationId: ${Application.id}  -  Tenant: ${tenantId}  -  Namespace: ${k8sNamespace}",
          "type": "io/print",
          "text": "ServiceId: ${serviceId}  -  ApplicationId: ${Application.id}  -  Tenant: ${tenantId}  -  Namespace: ${k8sNamespace}"
        },
        {
          "label": "Init secrets creation log",
          "type": "io/print",
          "text": "------------- Instance secrets creation --------------",
          "enabled": "${executePrerequisites}"
        },
        {
          "label": "=> Secrets Creation during install: Creating instance certificate for ${Application.id}",
          "type": "secret/certificate",
          "path": "/userland/certificates/${extractSecretPath}",
          "secretName": "${extractSecretInstance}",
          "commonName": "${extractSecretInstance}",
          "altNames": "${serviceId}-${k8sNamespace}, ${serviceId}-${k8sNamespace}.${k8sNamespace}, *.${k8sNamespace}",
          "enabled": "${executePrerequisites}"
        },
        {
          "label": "=> install_start_secretsCreation_cookieSecret: Creating cookie secret",
          "type": "secret/password",
          "path": "/userland/passwords/${extractSecretPath}",
          "secretName": "keystore",
          "password": "${randomString(10)}",
          "enabled": "${executePrerequisites}"
        },
        {
          "label": "Creating keytab",
          "type": "secret/keytab",
          "path": "/userland/kerberos/${extractSecretPath}",
          "secretName": "${extractSecretInstance}",
          "principal": "${extractSecretInstance}",
          "realm": "${globals.kerberos.realm}",
          "enabled": "${executePrerequisites}"
        },
        {
          "label": "Init secrets creation log",
          "type": "io/print",
          "text": "------------- Execution identity secrets creation --------------",
          "enabled": "${executePrerequisites}"
        },
        {
          "label": "=> Secrets Creation during install: Creating instance certificate for ${tenantName}",
          "type": "secret/certificate",
          "path": "/userland/certificates/${tenantName}",
          "secretName": "${tenantName}",
          "commonName": "${tenantName}",
          "altNames": "${serviceId}-${k8sNamespace}, ${serviceId}-${k8sNamespace}.${k8sNamespace}, *.${k8sNamespace}"
        },
        {
          "label": "=> install_start_secrets Creation_keystore_Secret: Creating keystore secret",
          "type": "secret/password",
          "path": "/userland/passwords/${tenantName}",
          "secretName": "keystore",
          "password": "${randomString(10)}"
        },
        {
          "label": "=> install_start_secrets Creation_database_Secret: Creating database secret",
          "type": "secret/password",
          "path": "/userland/passwords/${tenantName}",
          "secretName": "database",
          "user": "${tenantName}",
          "password": "${randomString(10)}"
        },
        {
          "type": "secret/keytab",
          "label": "Creating keytab",
          "path": "/userland/kerberos/${tenantName}",
          "secretName": "${tenantName}",
          "principal": "${tenantName}@${globals.kerberos.realm}",
          "realm": "${globals.kerberos.realm}"
        },
        {
          "label": "End secrets creation log",
          "type": "io/print",
          "text": "------------- End identity secrets creation --------------"
        },
        {
          "label": "Init gosec groups & user creation log",
          "type": "io/print",
          "text": "------------- Init Gosec groups & users creation --------------"
        },
        {
          "label": "=> Gosec: Creating user ${tenantName} in tenant ${tenantId}",
          "type": "gosec/users/create",
          "users": [
            "GosecUser(id ${tenantName}, name ${tenantName}, email ${tenantName}@stratio.com)"
          ]
        },
        {
          "label": "End gosec groups & user creation log",
          "type": "io/print",
          "text": "------------- End Gosec groups & users creation --------------"
        },
        {
          "label": "Init gosec catalog policies creation",
          "type": "io/print",
          "text": "------------- Init Gosec policies creation --------------"
        },
        {
          "label": "=> Creating Catalog policy: ${tenantName}-pg-hive-acl, sid: ${postgresPolicies.host}, database: ${datastoreDatabase}, user:  ${tenantName}",
          "type": "gosec/policies/create",
          "name": "${tenantName}-pg-hive-acl",
          "enabled": true,
          "groups": [],
          "users": [
            "${tenantName}"
          ],
          "tid": "${tenantId}",
          "services": [
            {
              "serviceType": "postgres",
              "instances": [
                {
                  "sid": "${postgresPolicies.host}.${postgresPolicies.namespace}",
                  "acls": [
                    "ACL(resourceType Database, name ${datastoreDatabase}, actionsAllow [Create, Connect], actionsDeny [Temporary], recursive false)",
                    "ACL(resourceType Database, name postgres, actionsAllow [Create, Connect], actionsDeny [Temporary], recursive false)",
                    "ACL(resourceType Tablespace, name ${datastoreDatabase}, actionsAllow [Create], actionsDeny [], recursive false)",
                    "ACL(resourceType Schema, name ${datastoreDatabase}.*, actionsAllow [Create, Usage], actionsDeny [], recursive false)",
                    "ACL(resourceType Foreign Data Wrapper, name ${datastoreDatabase}.*, actionsAllow [Usage], actionsDeny [], recursive false)",
                    "ACL(resourceType Large object, name ${datastoreDatabase}.*, actionsAllow [Select, Update], actionsDeny [], recursive false)",
                    "ACL(resourceType Foreign Server, name ${datastoreDatabase}.*, actionsAllow [Usage], actionsDeny [], recursive false)",
                    "ACL(resourceType Language, name ${datastoreDatabase}.*, actionsAllow [Usage], actionsDeny [], recursive false)",
                    "ACL(resourceType Domain, name ${datastoreDatabase}.*, actionsAllow [Usage], actionsDeny [], recursive false)",
                    "ACL(resourceType Sequence, name ${datastoreDatabase}.*, actionsAllow [Select, Update, Usage], actionsDeny [], recursive false)",
                    "ACL(resourceType Function, name ${datastoreDatabase}.*, actionsAllow [Execute], actionsDeny [], recursive false)",
                    "ACL(resourceType Type, name ${datastoreDatabase}.*, actionsAllow [Usage], actionsDeny [], recursive false)",
                    "ACL(resourceType View, name ${datastoreDatabase}.*, actionsAllow [Select, Insert, Update, Delete, Truncate, References, Trigger], actionsDeny [], recursive false)",
                    "ACL(resourceType Table, name ${datastoreDatabase}.*, actionsAllow [Select, Insert, Update, Delete, Truncate, References, Trigger], actionsDeny [], recursive false)"
                  ]
                }
              ]
            }
          ]
        },
        {
          "type": "labels/upsert",
          "scope": "service,deployment",
          "labels": "[{\"key\":\"app.kubernetes.io/component\", \"value\":\"dg-agent\"}]"
        },
        {
          "name": "prometheusIdentifierValue",
          "type": "core/var",
          "value": "${Application.id}_${randomString(10)}"
        },
        {
          "type": "labels/upsert",
          "scope": "service,deployment",
          "labels": "[{\"key\":\"governance-prometheus-selector\", \"value\":\"${prometheusIdentifierValue}\"}]"
        },
        {
          "type": "kubernetes/customresource/create",
          "apiVersion": "monitoring.coreos.com/v1",
          "kind": "PodMonitor",
          "name": "${tenantId}-${Application.id}",
          "namespace": "keos-metrics",
          "spec": "{\"podMetricsEndpoints\": [{\"interval\": \"5s\",\"port\": \"metrics\",\"path\": \"${bdlMetricsPrometheusChroot}${bdlMetricsPrometheusPath}\",\"scheme\": \"http\"}],\"namespaceSelector\": {\"matchNames\": [\"${Application.domain}\"]},\"selector\": {\"matchLabels\": {\"governance-prometheus-selector\": \"${prometheusIdentifierValue}\"}}}",
          "annotations": "{\"meta.helm.sh/release-name\": \"core-prometheus\", \"meta.helm.sh/release-namespace\": \"keos-metrics\"}",
          "labels": "{\"app\": \"kube-prometheus-stack-prometheus\", \"app.kubernetes.io/managed-by\": \"Helm\", \"chart\": \"kube-prometheus-stack-10.1.1\", \"heritage\": \"Helm\", \"release\": \"core-prometheus\"}",
          "enabled": "${bdlMetricsPrometheusEnabled}"
        },
        {
          "apiVersion": "secrets.stratio.com/v1",
          "enabled": "true",
          "kind": "SecretsIdentity",
          "name": "${Application.name}",
          "namespace": "${Application.domain}",
          "plural": "SecretsIdentities",
          "spec": "{\"bundles\":[\"${Application.name}\"],\"subject\":{\"kind\":\"ServiceAccount\",\"name\":\"${Application.name}\",\"namespace\":\"${Application.domain}\"}}",
          "type": "kubernetes/customresource/create"
        },
        {
          "type": "time/sleep",
          "millis": "4000"
        }
      ],
      "install/pre": [
        {
          "label": "Print install pre task log",
          "type": "io/print",
          "text": "Printing install pre task log"
        }
      ],
      "install/post": [
        {
          "label": "Print install post task log",
          "type": "io/print",
          "text": "Printing install post task log"
        }
      ],
      "install/finalize": [
        {
          "label": "Print install finalize task log",
          "type": "io/print",
          "text": "Printing install finalize task log"
        }
      ],
      "finish": [
        {
          "label": "Print install finish log",
          "type": "io/print",
          "text": "Printing install finish log"
        }
      ]
    },
    "update": {
      "start": [
        {
          "label": "Print update start log",
          "type": "io/print",
          "text": "Printing update start log"
        }
      ],
      "update/pre": [
        {
          "label": "Print update pre task log",
          "type": "io/print",
          "text": "Printing update pre task log"
        }
      ],
      "update/post": [
        {
          "label": "Print update post task log",
          "type": "io/print",
          "text": "Printing update post task log"
        }
      ],
      "update/finalize": [
        {
          "label": "Print update finalize task log",
          "type": "io/print",
          "text": "Printing update finalize task log"
        }
      ],
      "finish": [
        {
          "label": "Print update finish log",
          "type": "io/print",
          "text": "Printing update finish log"
        }
      ]
    },
    "upgrade": {
      "start": [
        {
          "label": "Print upgrade start log",
          "type": "io/print",
          "text": "Printing upgrade start log"
        }
      ],
      "upgrade/pre": [
        {
          "label": "Print upgrade pre task log",
          "type": "io/print",
          "text": "Printing upgrade pre task log"
        }
      ],
      "upgrade/post": [
        {
          "label": "Print upgrade post task log",
          "type": "io/print",
          "text": "Printing upgrade post task log"
        }
      ],
      "upgrade/finalize": [
        {
          "label": "Print upgrade finalize task log",
          "type": "io/print",
          "text": "Printing upgrade finalize task log"
        }
      ],
      "finish": [
        {
          "label": "Print upgrade finish log",
          "type": "io/print",
          "text": "Printing upgrade finish log"
        }
      ]
    },
    "restart": {
      "start": [
        {
          "label": "Print restart start log",
          "type": "io/print",
          "text": "Printing restart start log"
        }
      ],
      "restart/pre": [
        {
          "label": "Print restart pre task log",
          "type": "io/print",
          "text": "Printing restart pre task log"
        }
      ],
      "restart/post": [
        {
          "label": "Print restart post task log",
          "type": "io/print",
          "text": "Printing restart post task log"
        }
      ],
      "restart/finalize": [
        {
          "label": "Print restart finalize task log",
          "type": "io/print",
          "text": "Printing restart finalize task log"
        }
      ],
      "finish": [
        {
          "label": "Print restart finish log",
          "type": "io/print",
          "text": "Printing restart finish log"
        }
      ]
    },
    "uninstall": {
      "start": [
        {
          "label": "Print uninstall start log",
          "type": "io/print",
          "text": "Printing uninstall start log"
        }
      ],
      "uninstall/pre": [
        {
          "label": "Print uninstall pre task log",
          "type": "io/print",
          "text": "Printing uninstall pre task log"
        }
      ],
      "uninstall/post": [
        {
          "label": "Print uninstall post task log",
          "type": "io/print",
          "text": "Printing uninstall post task log"
        }
      ],
      "uninstall/finalize": [
        {
          "label": "Print uninstall finalize task log",
          "type": "io/print",
          "text": "Printing uninstall finalize task log"
        }
      ],
      "finish": [
        {
          "label": "Print uninstall finish log",
          "type": "io/print",
          "text": "Printing uninstall finish log"
        }
      ]
    }
  }
}
