{
  "data": {
    "serviceName": "governance",
    "model": "ui-default",
    "version": "13.1.0",
    "description": "An extremely simple front to exploit your metadata!",
    "framework": false,
    "highAvailability": false,
    "container": {
      "runners": [
        {
          "id": "com.stratio.tais.persistence.model.service.container.DockerRunner",
          "typeClass": "com.stratio.tais.persistence.model.service.container.DockerRunner",
          "image": "${eos.dockerRegistry}/governance-ui:1.10.5",
          "forcePullImage": false,
          "privileged": false
        }
      ],
      "volumes": []
    },
    "healthChecks": {
      "tcp": [
        {
          "gracePeriodSeconds": 5,
          "intervalSeconds": 15,
          "maxConsecutiveFailures": 25,
          "timeoutSeconds": 10,
          "port": 60000
        }
      ],
      "http": [],
      "command": []
    },
    "networking": {
      "expose": [
        {
          "portIndex": 0,
          "vhost": "${governanceServerHost}",
          "includePortName": false,
          "path": "",
          "redirectHttpToHttps": true,
          "sticky": false,
          "external": true,
          "schema": "https",
          "nginx.ingress.kubernetes.io/backend-protocol": "HTTPS",
          "nginx.ingress.kubernetes.io/rewrite-target": "/$2",
          "nginx.ingress.kubernetes.io/auth-signin": "https://${governanceServerHost}/oauth2/start?rd=$escaped_request_uri",
          "nginx.ingress.kubernetes.io/auth-url": "https://${oauth2ProxyHost}/oauth2/auth"
        }
      ],
      "network": {
        "networkType": "user",
        "ports": [
          {
            "servicePort": 0,
            "protocol": "tcp",
            "name": "governance-ui",
            "labels": {},
            "containerPort": 60000
          }
        ],
        "requirePorts": false
      }
    },
    "secrets": {
      "appRole": "role",
      "secretRole": "${approlename}"
    },
    "permissions": {
      "enabled": true,
      "policies": [
        "K8sApplicationRole(id ${Application.name})"
      ]
    },
    "dependencies": [
      {
        "id": "dictionaryApi",
        "title": "Dictionary API",
        "query": "name: *glossary*",
        "required": true,
        "extended": false
      },
      {
        "id": "ontologyApi",
        "title": "Ontology API",
        "query": "name: *ontology*",
        "required": false,
        "extended": false
      },
      {
        "id": "dataMarketApi",
        "title": "DataMarket API",
        "query": "name: *market*",
        "required": false,
        "extended": false
      },
      {
        "id": "searcherApi",
        "title": "Searcher-governance to be discovered",
        "query": "service: ((?i)(search-engine))",
        "required": false,
        "extended": false
      },
      {
        "id": "searcherManagerApi",
        "title": "Manager-governance to be discovered",
        "query": "service: ((?i)(search-engine))",
        "required": false,
        "extended": false
      }
    ]
  },
  "parameters": {
    "type": "object",
    "additionalProperties": false,
    "properties": {
      "general": {
        "type": "object",
        "additionalProperties": false,
        "ui": null,
        "name": "general",
        "title": "General",
        "description": "Minimum configuration to run this service. Found more advanced properties in 'Customize deployment' section.",
        "properties": {
          "profile": {
            "description": "",
            "type": "string",
            "required": true,
            "readOnly": true,
            "application": false,
            "level": 2,
            "internalName": "PROFILE",
            "title": "Service ID",
            "default": "template/custom"
          },
          "serviceId": {
            "description": "Unique identifier for the app consisting of a series of names separated by slashes. Each name must be at least 1 character and may only contain digits (0-9), dashes (-), dots (.), and lowercase letters (a-z). The name may not begin or end with a dash.",
            "type": "string",
            "required": true,
            "readOnly": false,
            "application": true,
            "internalName": "SERVICE_ID",
            "ui": {
              "updatable": false
            },
            "title": "Service ID",
            "default": "governance-ui"
          },
          "governanceServerHost": {
            "description": "URL host to access to your Governance UI instance.",
            "type": "string",
            "minimum": 1,
            "required": true,
            "readOnly": false,
            "application": false,
            "level": 1,
            "internalName": "VIRTUAL_HOST",
            "examples": [
              "admin.k8s.seven.labs.stratio.com"
            ],
            "ui": {
              "updatable": false
            },
            "default": "${admin_fqdn}",
            "title": "URI host"
          },
          "oauth2ProxyHost": {
            "description": "Oauth2 proxy internal hostname.",
            "type": "string",
            "required": true,
            "readOnly": true,
            "level": 2,
            "application": true,
            "internalName": "OAUTH2_PROXY_HOSTNAME",
            "ui": {
              "updatable": false
            },
            "title": "Oauth2 proxy internal hostname",
            "default": "oauth2-proxy.keos-auth.svc.${eos.internalDomain}"
          },
          "apiConfiguration": {
            "type": "object",
            "additionalProperties": false,
            "ui": {
              "component": "standard"
            },
            "name": "apiConfiguration",
            "title": "External configuration",
            "description": "Manage all the APIs related to Governance-UI.",
            "properties": {
              "dictionaryConfiguration": {
                "type": "object",
                "additionalProperties": false,
                "ui": {
                  "component": "standard"
                },
                "name": "dictionaryConfiguration",
                "title": "Dictionary configuration",
                "description": "Set configuration properties to exploit the dictionary API.",
                "properties": {
                  "uiBasePath": {
                    "description": "Default path for the endpoint usage.",
                    "type": "string",
                    "required": true,
                    "readOnly": true,
                    "application": false,
                    "level": 2,
                    "internalName": "BASE_PATH",
                    "title": "Base path",
                    "default": "/${Application.name}/"
                  },
                  "uiDictionaryApi": {
                    "description": "URL of the Governance front API.",
                    "type": "string",
                    "required": true,
                    "readOnly": false,
                    "application": false,
                    "level": 2,
                    "internalName": "DICTIONARY_API",
                    "title": "Dictionary API",
                    "default": "https://${governanceServerHost}/${dictionaryApi.host}/dictionary"
                  },
                  "uiOntologyApi": {
                    "description": "URL of the Governance Ontology API.",
                    "type": "string",
                    "required": true,
                    "readOnly": false,
                    "application": false,
                    "level": 2,
                    "internalName": "ONTOLOGY_API",
                    "title": "Ontology API",
                    "default": "https://${governanceServerHost}/${ontologyApi.host}/ontology"
                  },
                  "enableDataMarket": {
                    "description": "Enable the access from the Governance's front to the Data Market.",
                    "type": "boolean",
                    "required": false,
                    "readOnly": false,
                    "application": false,
                    "level": 2,
                    "internalName": "DATA_MARKET_ENABLED",
                    "title": "Enable Data Market",
                    "default": true
                  },
                  "uiDatamarketApi": {
                    "description": "URL of the Governance Data Market API.",
                    "type": "string",
                    "required": false,
                    "readOnly": false,
                    "application": false,
                    "level": 2,
                    "internalName": "DATA_MARKET_API",
                    "title": "Data Market API",
                    "default": "https://${governanceServerHost}/${dataMarketApi.host}/dg-datamarket-api"
                  },
                  "uiKnowledgeGraph": {
                    "description": "URL of the Governance Knowledge Graph UI.",
                    "type": "string",
                    "required": false,
                    "readOnly": false,
                    "application": false,
                    "level": 1,
                    "internalName": "UNIVERSE_MAP_URL",
                    "title": "Knowledge graph URL",
                    "default": "https://${governanceServerHost}/governance-map/graph"
                  },
                  "mdmUrl": {
                    "description": "Define MDM url.",
                    "type": "string",
                    "required": false,
                    "readOnly": false,
                    "application": false,
                    "level": 1,
                    "internalName": "MDM_URL",
                    "title": "Define MDM url"
                  }
                }
              }
            }
          },
          "identity": {
            "type": "object",
            "additionalProperties": false,
            "ui": {
              "component": "standard"
            },
            "name": "identity",
            "title": "Service identity",
            "description": "Vault properties configuration.",
            "properties": {
              "useDynamicAuthentication": {
                "description": "Enable dynamic authentication.",
                "type": "boolean",
                "readOnly": true,
                "application": false,
                "level": 2,
                "internalName": "USE_DYNAMIC_AUTHENTICATION",
                "title": "Dynamic authentication",
                "default": true
              },
              "approlename": {
                "application": false,
                "description": "App role used to recover a Vault token with a pre-defined policy",
                "default": "${Application.domain}-${Application.name}",
                "internalName": "VAULT_ROLE",
                "level": 1,
                "readOnly": false,
                "required": true,
                "title": "Vault role",
                "type": "string",
                "ui": {
                  "updatable": true
                }
              }
            }
          },
          "resources": {
            "type": "object",
            "additionalProperties": false,
            "ui": {
              "component": "accordion"
            },
            "name": "resources",
            "title": "Resources",
            "description": "Service's resources management.",
            "properties": {
              "INSTANCES": {
                "description": "Number of instances to be deployed.",
                "type": "number",
                "minimum": 0,
                "required": true,
                "readOnly": false,
                "application": true,
                "level": 1,
                "internalName": "INSTANCES",
                "title": "Instances",
                "default": 1
              },
              "CPUs": {
                "description": "CPUs for the service.",
                "type": "number",
                "required": true,
                "readOnly": false,
                "application": true,
                "level": 1,
                "internalName": "CPUs",
                "title": "CPUs",
                "default": 1
              },
              "DISK": {
                "description": "Disk allocation in MB for the service.",
                "type": "number",
                "required": false,
                "readOnly": false,
                "application": true,
                "level": 2,
                "internalName": "DISK",
                "title": "Disk (MB)",
                "default": 0
              },
              "MEM": {
                "description": "Memory allocation in MB for the service.",
                "type": "number",
                "required": true,
                "readOnly": false,
                "application": true,
                "level": 1,
                "internalName": "MEM",
                "title": "Memory (MB)",
                "default": 700
              },
              "GPUs": {
                "description": "[hidden] GPUs for the service.",
                "type": "number",
                "required": false,
                "readOnly": false,
                "application": true,
                "level": 3,
                "internalName": "GPUs",
                "title": "GPUs for the service",
                "default": 0
              }
            },
            "required": [
              "INSTANCES",
              "CPUs",
              "MEM"
            ]
          }
        },
        "required": [
          "serviceId"
        ]
      },
      "settings": {
        "type": "object",
        "additionalProperties": false,
        "ui": null,
        "name": "settings",
        "title": "Settings",
        "description": "Configuration for metrics reporting and Searcher.",
        "properties": {
          "discoveryConfiguration": {
            "type": "object",
            "additionalProperties": false,
            "ui": {
              "component": "standard"
            },
            "name": "discoveryConfiguration",
            "title": "Discovery reports configuration",
            "description": "Set Discovery's quality reports URLs.",
            "properties": {
              "discoveryAssetReport": {
                "description": "Quality metrics based on Governance data assets.",
                "type": "string",
                "required": false,
                "readOnly": false,
                "application": false,
                "level": 1,
                "internalName": "DISCOVERY_BASE_URL_ASSET",
                "title": "Assets report URL",
                "default": "",
                "examples": [
                  "https://discovery-gov.labs.stratio.com/discovery/public/dashboard/dahsboard_id"
                ]
              },
              "discoveryQrReport": {
                "description": "Quality metrics based on Governance Quality rules.",
                "type": "string",
                "required": false,
                "readOnly": false,
                "application": false,
                "level": 1,
                "internalName": "DISCOVERY_BASE_URL_QR",
                "title": "Quality rules report URL",
                "default": "",
                "examples": [
                  "https://discovery-gov.labs.stratio.com/discovery/public/dashboard/dahsboard_id"
                ]
              },
              "discoveryWorkflowReport": {
                "description": "Quality metrics based on third party workflows.",
                "type": "string",
                "required": false,
                "readOnly": false,
                "application": false,
                "level": 1,
                "internalName": "DISCOVERY_BASE_URL_WORKFLOW",
                "title": "Workflow report URL",
                "default": "",
                "examples": [
                  "https://discovery-gov.labs.stratio.com/discovery/public/dashboard/dahsboard_id"
                ]
              }
            }
          },
          "helpDocumentationConfiguration": {
            "description": "Link to Stratio Documentation site.",
            "type": "string",
            "required": false,
            "readOnly": false,
            "application": false,
            "level": 1,
            "internalName": "PRODUCT_DOCUMENTATION",
            "title": "Stratio Documentation",
            "default": "https://docs.stratio.com"
          },
          "helpSupportConfiguration": {
            "description": "Link to Stratio Support site.",
            "type": "string",
            "required": false,
            "readOnly": false,
            "application": false,
            "level": 1,
            "internalName": "SUPPORT_TEAM",
            "title": "Stratio Support",
            "default": "https://stratio.atlassian.net/servicedesk/customer/portal/11"
          },
          "bpmPollingInterval": {
            "description": "Set the periodicity of the BPM status polling.",
            "type": "number",
            "required": false,
            "readOnly": false,
            "application": false,
            "level": 1,
            "internalName": "DEFAULT_POLLING_INTERVAL",
            "title": "BPM polling interval",
            "default": 10000
          },
          "searcherConfiguration": {
            "type": "object",
            "additionalProperties": false,
            "ui": {
              "component": "standard"
            },
            "name": "searcherConfiguration",
            "title": "Searcher configuration",
            "description": "Set configuration properties to correctly connect to Governance¡s API and search your metadata.",
            "properties": {
              "enableSearcher": {
                "description": "Enable the access from the Governance's front to the metadata searcher service.",
                "type": "boolean",
                "required": false,
                "readOnly": false,
                "application": false,
                "level": 1,
                "internalName": "ENABLE_SEARCHER",
                "title": "Enable Searcher",
                "default": true
              },
              "uiSearchDomain": {
                "description": "Set the domain inside the related ElasticSearch.",
                "type": "string",
                "required": true,
                "readOnly": false,
                "application": false,
                "level": 1,
                "internalName": "SEARCHER_DOMAIN",
                "title": "Searcher domain",
                "default": "governance_search"
              },
              "uiSearchManagerApi": {
                "description": "Searcher's manager URL.",
                "type": "string",
                "required": true,
                "readOnly": false,
                "application": false,
                "level": 1,
                "internalName": "SEARCHER_MANAGER_API",
                "title": "Searcher manager",
                "default": "https://${governanceServerHost}/${searcherManagerApi.host}/manager"
              },
              "uiSearcherApi": {
                "description": "Searcher's API URL.",
                "type": "string",
                "required": true,
                "readOnly": false,
                "application": false,
                "level": 1,
                "internalName": "SEARCHER_API",
                "title": "Searcher API",
                "default": "https://${governanceServerHost}/${searcherApi.host}/searcher"
              }
            },
            "required": [
              "uiDictionaryApi",
              "userProfileApi",
              "uiSearchDomain",
              "uiSearchManagerApi",
              "uiSearcherApi"
            ]
          },
          "bdlConfiguration": {
            "type": "object",
            "additionalProperties": false,
            "ui": {
              "component": "standard"
            },
            "name": "bdlConfiguration",
            "title": "Business Data Layer configuration",
            "description": "Set configuration properties to correctly connect to the BDL.",
            "properties": {
              "enableBDL": {
                "description": "Enable the access from the Governance's front to the Business Data Layer.",
                "type": "boolean",
                "required": false,
                "readOnly": false,
                "application": false,
                "level": 1,
                "internalName": "BDL_ENABLED",
                "title": "Enable BDL",
                "default": true
              }
            }
          },
          "stratioMenuConfiguration": {
            "type": "object",
            "ui": {
              "component": "switch"
            },
            "properties": {
              "enabled": {
                "type": "boolean",
                "application": false,
                "level": 1,
                "internalName": "STRATIO_MENU_ENABLED",
                "title": "Show Stratio main menu",
                "default": true
              },
              "menuUrl": {
                "description": "",
                "type": "string",
                "application": false,
                "level": 1,
                "internalName": "STRATIO_MENU_URL",
                "title": "Menu definition folder",
                "default": "${eos.proxyAccessPointURL}/stratio-panel-ui/"
              },
              "menuFileName": {
                "description": "",
                "type": "string",
                "application": false,
                "level": 1,
                "internalName": "STRATIO_MENU_FILE_NAME",
                "title": "Menu definition file name",
                "default": "app-menu.js"
              }
            }
          }
        }
      },
      "security": {
        "type": "object",
        "additionalProperties": false,
        "ui": null,
        "name": "security",
        "title": "Security",
        "description": "Security management option. Set Crossdata security options.",
        "properties": {
          "TLS": {
            "description": "Enable TLS.",
            "type": "boolean",
            "required": false,
            "readOnly": false,
            "application": false,
            "level": 1,
            "internalName": "STEP_TLS",
            "title": "TLS",
            "default": true
          },
          "cert_path": {
            "description": "TLS Certificate's path.",
            "type": "string",
            "readOnly": true,
            "application": false,
            "level": 2,
            "internalName": "TLS_CERT_PATH",
            "title": "TLS Certificate path",
            "default": "${Application.id}"
          },
          "trustStore": {
            "description": "Enables trustStore usage for Governance's security.",
            "type": "boolean",
            "required": false,
            "readOnly": false,
            "application": false,
            "level": 1,
            "internalName": "STEP_TRUSTSTORE",
            "title": "Truststore",
            "default": true
          },
          "ssoEnabled": {
            "description": "Enable SSO.",
            "type": "boolean",
            "required": false,
            "readOnly": true,
            "application": false,
            "level": 2,
            "internalName": "SSO_ENABLED",
            "title": "Enable SSO",
            "default": true
          },
          "ssoLogOutApi": {
            "description": "SSO Log Out.",
            "type": "string",
            "required": false,
            "readOnly": false,
            "application": false,
            "level": 2,
            "internalName": "LOGOUT_API",
            "title": "SSO Log Out API",
            "default": "https://${governanceServerHost}/oauth2/sign_out?rd=https://${governanceServerHost}/${Application.name}"
          },
          "mesosRole": {
            "description": "Role for Mesos processes.",
            "type": "string",
            "required": false,
            "readOnly": false,
            "application": false,
            "level": 2,
            "internalName": "MESOS_ROLE",
            "title": "Mesos role",
            "default": ""
          },
          "sparkSecretVaultRole": {
            "description": "Role for Spark processes.",
            "type": "string",
            "required": false,
            "readOnly": false,
            "application": false,
            "level": 2,
            "internalName": "SPARK_SECRET_VAULT_ROLE",
            "title": "Spark secret Vault role",
            "default": "open"
          }
        }
      },
      "environment": {
        "type": "object",
        "additionalProperties": false,
        "ui": null,
        "name": "environment",
        "title": "Environment",
        "description": "Vault configuration properties.",
        "properties": {
          "vault": {
            "type": "object",
            "additionalProperties": false,
            "ui": {
              "component": "standard"
            },
            "name": "vault",
            "title": "Vault",
            "description": "",
            "properties": {
              "vhosts": {
                "description": "Hostname of the node that contains the Vault service. IMPORTANT: It's not necessary if dynamic authentication is enabled.",
                "type": "string",
                "readOnly": true,
                "application": false,
                "level": 1,
                "internalName": "VAULT_HOSTS",
                "title": "Vault hosts",
                "default": "${globals.vault.vaultHost}"
              },
              "vaultPort": {
                "description": "Port where Vault Server is listening within the host defined in VAULT_HOSTS parameter. It is usually 8200.",
                "type": "number",
                "readOnly": true,
                "application": false,
                "level": 1,
                "internalName": "VAULT_PORT",
                "title": "Vault port",
                "default": "${globals.vault.vaultPort}"
              }
            }
          }
        }
      }
    }
  },
  "lifecycles": {
    "install": {
      "start": [
        {
          "type": "core/disable",
          "tag": "gosec-register",
          "enabled": "false"
        },
        {
          "label": "Print install start log",
          "type": "io/print",
          "text": "Lifecycle: Install/start"
        },
        {
          "label": "Init secrets creation log",
          "type": "io/print",
          "text": "------------- Instance secrets creation --------------"
        },
        {
          "label": "=> install_start_secretsCreation_instanceCertificate: Creating instance certificate",
          "type": "secret/certificate",
          "path": "/userland/certificates/${Application.id}",
          "secretName": "governance-ui",
          "commonName": "governance-ui",
          "altNames": "${serviceId}-${k8sNamespace}, ${serviceId}-${k8sNamespace}.${k8sNamespace}, *.${k8sNamespace}"
        },
        {
          "label": "=> install_start_secretsCreation_cookieSecret: Creating cookie secret",
          "type": "secret/password",
          "path": "/userland/passwords/${Application.id}",
          "secretName": "keystore",
          "password": "${randomString(10)}"
        },
        {
          "label": "=> install_start_secretsCreation_ssoOauthPass: Password Oauth",
          "type": "secret/password",
          "path": "/userland/passwords/${Application.id}",
          "secretName": "oauthinfo",
          "user": "${Application.id}-oauth-id",
          "password": "${randomString(10)}"
        },
        {
          "label": "End secrets creation log",
          "type": "io/print",
          "text": "------------- End identity secrets creation --------------"
        },
        {
          "type": "labels/upsert",
          "scope": "service,deployment",
          "labels": "[{\"key\":\"app.kubernetes.io/component\", \"value\":\"governance-ui\"}]"
        },
        {
          "type": "kubernetes/customresource/create",
          "apiVersion": "secrets.stratio.com/v1",
          "kind": "SecretsIdentity",
          "plural": "SecretsIdentities",
          "name": "${Application.name}",
          "namespace": "${Application.domain}",
          "spec": "{\"bundles\":[\"${Application.name}\"],\"subject\":{\"kind\":\"ServiceAccount\",\"name\":\"${Application.name}\",\"namespace\":\"${Application.domain}\"}}",
          "enabled": "true"
        },
        {
          "type": "time/sleep",
          "millis": "5000"
        }
      ],
      "install/pre": [
        {
          "label": "Print install pre task log",
          "type": "io/print",
          "text": "Printing install pre task log"
        }
      ],
      "install/post": [
        {
          "label": "Print install post task log",
          "type": "io/print",
          "text": "Printing install post task log"
        }
      ],
      "install/finalize": [
        {
          "label": "Print install finalize task log",
          "type": "io/print",
          "text": "Printing install finalize task log"
        }
      ],
      "finish": [
        {
          "label": "Print install finish log",
          "type": "io/print",
          "text": "Printing install finish log"
        }
      ]
    },
    "update": {
      "start": [
        {
          "label": "Print update start log",
          "type": "io/print",
          "text": "Printing update start log"
        }
      ],
      "update/pre": [
        {
          "label": "Print update pre task log",
          "type": "io/print",
          "text": "Printing update pre task log"
        }
      ],
      "update/post": [
        {
          "label": "Print update post task log",
          "type": "io/print",
          "text": "Printing update post task log"
        }
      ],
      "update/finalize": [
        {
          "label": "Print update finalize task log",
          "type": "io/print",
          "text": "Printing update finalize task log"
        }
      ],
      "finish": [
        {
          "label": "Print update finish log",
          "type": "io/print",
          "text": "Printing update finish log"
        }
      ]
    },
    "upgrade": {
      "start": [
        {
          "label": "Print upgrade start log",
          "type": "io/print",
          "text": "Printing upgrade start log"
        }
      ],
      "upgrade/pre": [
        {
          "label": "Print upgrade pre task log",
          "type": "io/print",
          "text": "Printing upgrade pre task log"
        }
      ],
      "upgrade/post": [
        {
          "label": "Print upgrade post task log",
          "type": "io/print",
          "text": "Printing upgrade post task log"
        }
      ],
      "upgrade/finalize": [
        {
          "label": "Print upgrade finalize task log",
          "type": "io/print",
          "text": "Printing upgrade finalize task log"
        }
      ],
      "finish": [
        {
          "label": "Print upgrade finish log",
          "type": "io/print",
          "text": "Printing upgrade finish log"
        }
      ]
    },
    "restart": {
      "start": [
        {
          "label": "Print restart start log",
          "type": "io/print",
          "text": "Printing restart start log"
        }
      ],
      "restart/pre": [
        {
          "label": "Print restart pre task log",
          "type": "io/print",
          "text": "Printing restart pre task log"
        }
      ],
      "restart/post": [
        {
          "label": "Print restart post task log",
          "type": "io/print",
          "text": "Printing restart post task log"
        }
      ],
      "restart/finalize": [
        {
          "label": "Print restart finalize task log",
          "type": "io/print",
          "text": "Printing restart finalize task log"
        }
      ],
      "finish": [
        {
          "label": "Print restart finish log",
          "type": "io/print",
          "text": "Printing restart finish log"
        }
      ]
    },
    "uninstall": {
      "start": [
        {
          "label": "Print uninstall start log",
          "type": "io/print",
          "text": "Printing uninstall start log"
        }
      ],
      "uninstall/pre": [
        {
          "label": "Print uninstall pre task log",
          "type": "io/print",
          "text": "Printing uninstall pre task log"
        }
      ],
      "uninstall/post": [
        {
          "label": "Print uninstall post task log",
          "type": "io/print",
          "text": "Printing uninstall post task log"
        }
      ],
      "uninstall/finalize": [
        {
          "label": "Print uninstall finalize task log",
          "type": "io/print",
          "text": "Printing uninstall finalize task log"
        }
      ],
      "finish": [
        {
          "label": "Print uninstall finish log",
          "type": "io/print",
          "text": "Printing uninstall finish log"
        }
      ]
    }
  }
}
