{
  "data": {
    "serviceName": "governance",
    "model": "map-default",
    "version": "13.1.0",
    "description": "Governance Knowledge Graph",
    "framework": false,
    "highAvailability": false,
    "healthChecks": {
      "tcp": [
        {
          "gracePeriodSeconds": 5,
          "intervalSeconds": 15,
          "maxConsecutiveFailures": 25,
          "timeoutSeconds": 10,
          "port": 80
        }
      ],
      "http": [],
      "command": []
    },
    "networking": {
      "expose": [
        {
          "portIndex": 0,
          "vhost": "${governanceServerHost}",
          "includePortName": false,
          "path": "",
          "redirectHttpToHttps": false,
          "sticky": false,
          "external": true,
          "schema": "https",
          "nginx.ingress.kubernetes.io/backend-protocol": "HTTP",
          "nginx.ingress.kubernetes.io/auth-signin": "https://${governanceServerHost}/oauth2/start?rd=$escaped_request_uri",
          "nginx.ingress.kubernetes.io/auth-url": "https://${oauth2ProxyHost}/oauth2/auth"
        }
      ],
      "network": {
        "networkType": "user",
        "ports": [
          {
            "servicePort": 0,
            "protocol": "tcp",
            "name": "governance-map",
            "labels": {},
            "containerPort": 80
          }
        ],
        "requirePorts": false
      }
    },
    "container": {
      "runners": [
        {
          "id": "com.stratio.tais.persistence.model.service.container.DockerRunner",
          "typeClass": "com.stratio.tais.persistence.model.service.container.DockerRunner",
          "image": "${eos.dockerRegistry}/governance-map:0.5.3",
          "forcePullImage": false,
          "privileged": false
        }
      ],
      "volumes": []
    },
    "secrets": {
      "appRole": "role",
      "secretRole": "${approlename}"
    },
    "permissions": {
      "enabled": true,
      "policies": [
        "K8sApplicationRole(id ${Application.name})"
      ]
    },
    "dependencies": [
      {
        "id": "ontologyApi",
        "title": "Ontology API",
        "query": "name: *ontology*",
        "required": true,
        "extended": false
      },
      {
        "id": "searcherApi",
        "title": "Searcher-governance to be discovered",
        "query": "service: ((?i)(search-engine))",
        "required": false,
        "extended": false
      },
      {
        "id": "searcherManagerApi",
        "title": "Manager-governance to be discovered",
        "query": "service: ((?i)(search-engine))",
        "required": false,
        "extended": false
      }
    ]
  },
  "parameters": {
    "type": "object",
    "additionalProperties": false,
    "properties": {
      "general": {
        "type": "object",
        "additionalProperties": false,
        "ui": null,
        "name": "general",
        "title": "General",
        "description": "Minimum configuration to run this service. Found more advanced properties in 'Customize deployment' section.",
        "properties": {
          "serviceId": {
            "description": "Unique identifier for the app consisting of a series of names separated by slashes. Each name must be at least 1 character and may only contain digits (0-9), dashes (-), dots (.), and lowercase letters (a-z). The name may not begin or end with a dash.",
            "type": "string",
            "required": true,
            "readOnly": false,
            "application": true,
            "internalName": "SERVICE_ID",
            "ui": {
              "updatable": false
            },
            "title": "Service ID",
            "default": "governance-map"
          },
          "governanceServerHost": {
            "description": "URL host to access to your Governance instance.",
            "type": "string",
            "minimum": 1,
            "required": true,
            "readOnly": false,
            "application": false,
            "level": 1,
            "internalName": "VIRTUAL_HOST",
            "examples": [
              "admin.k8s.seven.labs.stratio.com"
            ],
            "ui": {
              "updatable": false
            },
            "default": "${admin_fqdn}",
            "title": "URI host"
          },
          "oauth2ProxyHost": {
            "description": "Oauth2 proxy internal hostname.",
            "type": "string",
            "required": true,
            "readOnly": true,
            "level": 2,
            "application": true,
            "internalName": "OAUTH2_PROXY_HOSTNAME",
            "ui": {
              "updatable": false
            },
            "title": "Oauth2 proxy internal hostname",
            "default": "oauth2-proxy.keos-auth.svc.${eos.internalDomain}"
          },
          "apiConfiguration": {
            "type": "object",
            "additionalProperties": false,
            "ui": {
              "component": "standard"
            },
            "name": "apiConfiguration",
            "title": "External configuration",
            "description": "Manage all the urls related to Governance.",
            "properties": {
              "dictionaryConfiguration": {
                "type": "object",
                "additionalProperties": false,
                "ui": {
                  "component": "standard"
                },
                "name": "dictionaryConfiguration",
                "title": "Dictionary configuration",
                "description": "Set configuration properties to exploit the dictionary API.",
                "properties": {
                  "uiBasePath": {
                    "description": "Default path for the endpoint usage.",
                    "type": "string",
                    "required": true,
                    "readOnly": true,
                    "application": false,
                    "level": 2,
                    "internalName": "BASE_PATH",
                    "title": "Base path",
                    "default": "/${Application.name}/"
                  },
                  "baseApiUrl": {
                    "description": "Url to access Governance Ontology Graph API.",
                    "type": "string",
                    "required": true,
                    "readOnly": false,
                    "level": 2,
                    "application": false,
                    "internalName": "BASE_API_URL__MAIN",
                    "title": "Base Api URL",
                    "default": "https://${governanceServerHost}/${ontologyApi.host}/"
                  },
                  "governanceUiUrl": {
                    "description": "Url to access Governance UI.",
                    "type": "string",
                    "required": true,
                    "readOnly": false,
                    "application": false,
                    "internalName": "GOVERNANCE_URL",
                    "title": "Governance UI URL",
                    "default": "https://${governanceServerHost}/governance-ui.${k8sNamespace}"
                  }
                }
              }
            }
          },
          "identity": {
            "type": "object",
            "additionalProperties": false,
            "ui": {
              "component": "standard"
            },
            "name": "identity",
            "title": "Service identity",
            "description": "Vault properties configuration.",
            "properties": {
              "useDynamicAuthentication": {
                "description": "Enable dynamic authentication.",
                "type": "boolean",
                "readOnly": true,
                "application": false,
                "level": 2,
                "internalName": "USE_DYNAMIC_AUTHENTICATION",
                "title": "Dynamic authentication",
                "default": true
              },
              "approlename": {
                "application": false,
                "description": "App role used to recover a Vault token with a pre-defined policy",
                "default": "${Application.domain}-${Application.name}",
                "internalName": "VAULT_ROLE",
                "level": 1,
                "readOnly": false,
                "required": true,
                "title": "Vault role",
                "type": "string",
                "ui": {
                  "updatable": true
                }
              }
            }
          },
          "resources": {
            "type": "object",
            "additionalProperties": false,
            "ui": {
              "component": "accordion"
            },
            "name": "resources",
            "title": "Resources",
            "description": "Service's resources management.",
            "properties": {
              "INSTANCES": {
                "description": "Number of instances to be deployed.",
                "type": "number",
                "minimum": 0,
                "required": true,
                "readOnly": false,
                "application": true,
                "level": 1,
                "internalName": "INSTANCES",
                "title": "Instances",
                "default": 1
              },
              "CPUs": {
                "description": "CPUs for the service.",
                "type": "number",
                "required": true,
                "readOnly": false,
                "application": true,
                "level": 1,
                "internalName": "CPUs",
                "title": "CPUs",
                "default": 1
              },
              "DISK": {
                "description": "Disk allocation in MB for the service.",
                "type": "number",
                "required": false,
                "readOnly": false,
                "application": true,
                "level": 2,
                "internalName": "DISK",
                "title": "Disk (MB)",
                "default": 0
              },
              "MEM": {
                "description": "Memory allocation in MB for the service.",
                "type": "number",
                "required": true,
                "readOnly": false,
                "application": true,
                "level": 1,
                "internalName": "MEM",
                "title": "Memory (MB)",
                "default": 1024
              },
              "GPUs": {
                "description": "[hidden] GPUs for the service.",
                "type": "number",
                "required": false,
                "readOnly": false,
                "application": true,
                "level": 3,
                "internalName": "GPUs",
                "title": "GPUs for the service",
                "default": 0
              }
            },
            "required": [
              "INSTANCES",
              "CPUs",
              "MEM"
            ]
          }
        },
        "required": [
          "serviceId"
        ]
      },
      "settings": {
        "type": "object",
        "additionalProperties": false,
        "ui": null,
        "name": "settings",
        "title": "Settings",
        "description": "Configuration for metrics reporting and Searcher.",
        "properties": {
          "receiveEvents": {
            "type": "object",
            "additionalProperties": false,
            "ui": {
              "component": "standard"
            },
            "name": "receiveEvents",
            "title": "Receive Events",
            "description": "Set configuration properties to receive events",
            "properties": {
              "eventsListener": {
                "description": "Set the event listener",
                "type": "boolean",
                "required": true,
                "readOnly": false,
                "application": false,
                "internalName": "NO_EVENTS_LISTENER",
                "title": "No events listener",
                "default": true
              }
            },
            "required": []
          },
          "searcherConfiguration": {
            "type": "object",
            "additionalProperties": false,
            "ui": {
              "component": "standard"
            },
            "name": "searcherConfiguration",
            "title": "Searcher configuration",
            "description": "Set configuration properties to correctly connect to Governance API and search your metadata.",
            "properties": {
              "uiSearchDomain": {
                "description": "Set the domain inside the related ElasticSearch.",
                "type": "string",
                "required": true,
                "readOnly": false,
                "application": false,
                "level": 1,
                "internalName": "SEARCHER_DOMAIN",
                "title": "Searcher domain",
                "default": "governance_search"
              },
              "uiSearcherApi": {
                "description": "Searcher's API URL.",
                "type": "string",
                "required": true,
                "readOnly": false,
                "application": false,
                "level": 1,
                "internalName": "BASE_API_URL__SEARCH",
                "title": "Searcher API",
                "default": "https://${governanceServerHost}/${searcherApi.host}/searcher/domains/${SEARCHER_DOMAIN}/"
              }
            },
            "required": [
              "uiSearchDomain",
              "uiSearcherApi"
            ]
          }
        }
      }
    }
  },
  "lifecycles": {
    "install": {
      "start": [
        {
          "type": "core/disable",
          "tag": "gosec-register",
          "enabled": "false"
        },
        {
          "label": "Print install start log",
          "type": "io/print",
          "text": "Lifecycle: Install/start"
        },
        {
          "label": "Init secrets creation log",
          "type": "io/print",
          "text": "------------- Instance secrets creation --------------"
        },
        {
          "label": "=> Secrets Creation during install: Creating instance certificate for ${Application.id}",
          "type": "secret/certificate",
          "path": "/userland/certificates/${Application.id}",
          "secretName": "${Application.id}",
          "commonName": "${Application.id}",
          "altNames": "${serviceId}-${k8sNamespace}, ${serviceId}-${k8sNamespace}.${k8sNamespace}, *.${k8sNamespace}"
        },
        {
          "label": "=> install_start_secretsCreation_cookieSecret: Creating cookie secret",
          "type": "secret/password",
          "path": "/userland/passwords/${Application.id}",
          "secretName": "keystore",
          "password": "${randomString(10)}"
        },
        {
          "label": "=> install_start_secretsCreation_ssoOauthPass: Password Oauth",
          "type": "secret/password",
          "path": "/userland/passwords/${Application.id}",
          "secretName": "oauthinfo",
          "user": "${Application.id}-oauth-id",
          "password": "${randomString(20)}"
        },
        {
          "label": "End secrets creation log",
          "type": "io/print",
          "text": "------------- End identity secrets creation --------------"
        },
        {
          "type": "labels/upsert",
          "scope": "service,deployment",
          "labels": "[{\"key\":\"app.kubernetes.io/component\", \"value\":\"governance-map\"}]"
        },
        {
          "type": "time/sleep",
          "millis": "5000"
        }
      ],
      "install/pre": [
        {
          "label": "Print install pre task log",
          "type": "io/print",
          "text": "Printing install pre task log"
        }
      ],
      "install/post": [
        {
          "label": "Print install post task log",
          "type": "io/print",
          "text": "Printing install post task log"
        }
      ],
      "install/finalize": [
        {
          "label": "Print install finalize task log",
          "type": "io/print",
          "text": "Printing install finalize task log"
        }
      ],
      "finish": [
        {
          "label": "Print install finish log",
          "type": "io/print",
          "text": "Printing install finish log"
        }
      ]
    },
    "update": {
      "start": [
        {
          "label": "Print update start log",
          "type": "io/print",
          "text": "Printing update start log"
        }
      ],
      "update/pre": [
        {
          "label": "Print update pre task log",
          "type": "io/print",
          "text": "Printing update pre task log"
        }
      ],
      "update/post": [
        {
          "label": "Print update post task log",
          "type": "io/print",
          "text": "Printing update post task log"
        }
      ],
      "update/finalize": [
        {
          "label": "Print update finalize task log",
          "type": "io/print",
          "text": "Printing update finalize task log"
        }
      ],
      "finish": [
        {
          "label": "Print update finish log",
          "type": "io/print",
          "text": "Printing update finish log"
        }
      ]
    },
    "upgrade": {
      "start": [
        {
          "label": "Print upgrade start log",
          "type": "io/print",
          "text": "Printing upgrade start log"
        }
      ],
      "upgrade/pre": [
        {
          "label": "Print upgrade pre task log",
          "type": "io/print",
          "text": "Printing upgrade pre task log"
        }
      ],
      "upgrade/post": [
        {
          "label": "Print upgrade post task log",
          "type": "io/print",
          "text": "Printing upgrade post task log"
        }
      ],
      "upgrade/finalize": [
        {
          "label": "Print upgrade finalize task log",
          "type": "io/print",
          "text": "Printing upgrade finalize task log"
        }
      ],
      "finish": [
        {
          "label": "Print upgrade finish log",
          "type": "io/print",
          "text": "Printing upgrade finish log"
        }
      ]
    },
    "restart": {
      "start": [
        {
          "label": "Print restart start log",
          "type": "io/print",
          "text": "Printing restart start log"
        }
      ],
      "restart/pre": [
        {
          "label": "Print restart pre task log",
          "type": "io/print",
          "text": "Printing restart pre task log"
        }
      ],
      "restart/post": [
        {
          "label": "Print restart post task log",
          "type": "io/print",
          "text": "Printing restart post task log"
        }
      ],
      "restart/finalize": [
        {
          "label": "Print restart finalize task log",
          "type": "io/print",
          "text": "Printing restart finalize task log"
        }
      ],
      "finish": [
        {
          "label": "Print restart finish log",
          "type": "io/print",
          "text": "Printing restart finish log"
        }
      ]
    },
    "uninstall": {
      "start": [
        {
          "label": "Print uninstall start log",
          "type": "io/print",
          "text": "Printing uninstall start log"
        }
      ],
      "uninstall/pre": [
        {
          "label": "Print uninstall pre task log",
          "type": "io/print",
          "text": "Printing uninstall pre task log"
        }
      ],
      "uninstall/post": [
        {
          "label": "Print uninstall post task log",
          "type": "io/print",
          "text": "Printing uninstall post task log"
        }
      ],
      "uninstall/finalize": [
        {
          "label": "Print uninstall finalize task log",
          "type": "io/print",
          "text": "Printing uninstall finalize task log"
        }
      ],
      "finish": [
        {
          "label": "Print uninstall finish log",
          "type": "io/print",
          "text": "Printing uninstall finish log"
        }
      ]
    }
  }
}
