{
  "data": {
    "serviceName": "cdc-engine",
    "model": "default",
    "version": "13.2.0",
    "description": "Stratio CDC Engine is a framework based on Kafka Connect for change data capture (CDC)",
    "framework": false,
    "highAvailability": false,
    "healthChecks": {
      "tcp": [
        {
          "gracePeriodSeconds": 5,
          "intervalSeconds": 15,
          "maxConsecutiveFailures": 25,
          "timeoutSeconds": 10,
          "delaySeconds": 15,
          "portIndex": 0,
          "ipProtocol": "IPv4"
        }
      ],
      "http": [],
      "command": []
    },
    "networking": {
      "expose": [],
      "network": {
        "networkType": "user",
        "ports": [
          {
            "containerPort": 8083,
            "servicePort": 0,
            "protocol": "tcp",
            "name": "api"
          },
          {
            "containerPort": 8080,
            "labels": {
              "metrics_path": "/metrics"
            },
            "servicePort": 0,
            "name": "metrics"
          }
        ],
        "requirePorts": true
      }
    },
    "container": {
      "runners": [
        {
          "id": "com.stratio.tais.persistence.model.service.container.DockerRunner",
          "typeClass": "com.stratio.tais.persistence.model.service.container.DockerRunner",
          "image": "${eos.dockerRegistry}/cdc-engine:2.0.0",
          "forcePullImage": true,
          "privileged": false
        }
      ]
    },
    "secrets": {
      "appRole": "role",
      "secretRole": "${approlename}"
    },
    "postInstall": [],
    "dependencies": [
      {
        "id": "kafkaConnection",
        "title": "Kafka framework service",
        "query": "service: ((?i)(Kafka))",
        "required": true,
        "extended": false
      }
    ],
    "discovery": {
      "pattern": "*"
    },
    "permissions": {
      "enabled": true,
      "policies": [
        "K8sApplicationRole(id ${Application.name})"
      ]
    }
  },
  "parameters": {
    "type": "object",
    "additionalProperties": false,
    "properties": {
      "general": {
        "type": "object",
        "additionalProperties": false,
        "ui": {
          "component": "standard"
        },
        "name": "general",
        "title": "General",
        "description": "Tab to configure the default CDC-Engine deployment",
        "properties": {
          "serviceId": {
            "description": "Service name used to name CDC-Engine instance.",
            "type": "string",
            "required": true,
            "readOnly": false,
            "application": true,
            "pattern": "^[a-z]([-a-z0-9]*[a-z0-9])?$",
            "maxLength": 55,
            "internalName": "SERVICE_ID",
            "ui": {
              "updatable": false
            },
            "title": "CDC-Engine service name",
            "default": "cdc-engine",
            "examples": [
              "cdc-engine"
            ]
          },
          "cdcEngineInstanceName": {
            "description": "Identity used for secrets creation and storage in Vault. It is the composition of the Discovery service name and the namespace where discovery is being deployed.",
            "type": "string",
            "required": true,
            "readOnly": true,
            "application": false,
            "internalName": "INSTANCE_NAME",
            "ui": {
              "updatable": false
            },
            "title": "CDC-Engine instance name",
            "default": "${Application.id}"
          },
          "keosTenantId": {
            "description": "Tenant where CDC-Engine will be deployed.",
            "type": "string",
            "required": false,
            "readOnly": true,
            "pattern": "(^[a-z0-9]+)$",
            "application": false,
            "level": 2,
            "internalName": "EOS_TENANT",
            "title": "Internal tenant id",
            "default": "${tenantId}"
          },
          "namespace": {
            "description": "Namespace",
            "type": "string",
            "minimum": 1,
            "required": false,
            "readOnly": true,
            "application": false,
            "level": 2,
            "internalName": "KUBERNETES_NAMESPACE",
            "ui": {
              "updatable": false
            },
            "title": "Namespace",
            "default": "${k8sNamespace}"
          },
          "deploymentEnvironment": {
            "description": "Deployment environment",
            "type": "string",
            "minimum": 1,
            "required": false,
            "readOnly": true,
            "application": false,
            "level": 2,
            "internalName": "DEPLOYMENT_ENVIRONMENT",
            "ui": {
              "updatable": false
            },
            "title": "Deployment environment",
            "default": "keos"
          },
          "executePrerequisites": {
            "description": "Whether to execute prerequisites automatically for this CDC-Engine instance.",
            "type": "boolean",
            "required": true,
            "readOnly": false,
            "application": true,
            "internalName": "PREREQUISITES",
            "title": "Execute prerequisites",
            "default": true
          },
          "aclCreationForSecuredKafka": {
            "description": "Whether to execute ACL creation for a secured Kafka framework",
            "type": "boolean",
            "required": true,
            "readOnly": false,
            "application": false,
            "internalName": "ACL_CREATION_FOR_SECURED_KAFKA",
            "ui": {
              "visible": {
                "executePrerequisites": true
              }
            },
            "title": "Trigger ACL creation for secured Kafka framework",
            "default": true
          },
          "identity": {
            "type": "object",
            "additionalProperties": false,
            "ui": {
              "component": "standard"
            },
            "name": "identity",
            "title": "Service Identity",
            "description": "Vault properties configuration.",
            "properties": {
              "approlename": {
                "description": "Role of the app used for dynamic authentication.",
                "type": "string",
                "required": true,
                "readOnly": false,
                "application": false,
                "level": 1,
                "internalName": "VAULT_ROLE",
                "ui": {
                  "updatable": false
                },
                "title": "Secret Role",
                "default": "${Application.domain}-${Application.name}"
              },
              "vaultprotocol": {
                "application": false,
                "description": "Vault Protocol",
                "internalName": "VAULT_PROTOCOL",
                "level": 2,
                "readOnly": false,
                "required": true,
                "title": "Vault protocol",
                "type": "string",
                "default": "HTTPS",
                "ui": {
                  "updatable": false
                }
              },
              "vaultEnabled": {
                "application": false,
                "description": "Vault Enable",
                "internalName": "VAULT_ENABLE",
                "level": 2,
                "readOnly": false,
                "required": true,
                "title": "Vault Enable",
                "type": "boolean",
                "default": true,
                "ui": {
                  "updatable": false
                }
              }
            }
          },
          "resources": {
            "type": "object",
            "additionalProperties": false,
            "ui": {
              "component": "accordion"
            },
            "name": "resources",
            "title": "Resources",
            "description": "",
            "properties": {
              "INSTANCES": {
                "description": "Instances of the service",
                "type": "integer",
                "required": true,
                "readOnly": false,
                "application": true,
                "level": 1,
                "minimum": 0,
                "internalName": "INSTANCES",
                "title": "Instances",
                "default": 1
              },
              "CPUs": {
                "description": "CPUs for the service",
                "type": "number",
                "required": true,
                "readOnly": false,
                "application": true,
                "level": 1,
                "internalName": "CPUs",
                "title": "CPUs",
                "default": 1
              },
              "MEM": {
                "description": "Memory for the service",
                "type": "integer",
                "required": true,
                "readOnly": false,
                "application": true,
                "level": 1,
                "internalName": "MEM",
                "title": "Memory (MB)",
                "default": 2048
              },
              "DISK": {
                "description": "Disk for the service",
                "type": "integer",
                "required": true,
                "readOnly": false,
                "application": true,
                "level": 2,
                "internalName": "DISK",
                "title": "Disk",
                "default": 0
              },
              "moreresources": {
                "type": "object",
                "additionalProperties": false,
                "ui": {
                  "component": "show-more"
                },
                "name": "moreresources",
                "title": "JVM heap options",
                "description": "Section to configure JVM heap options",
                "properties": {
                  "heapOptions": {
                    "description": "Heap options to configure CDC-Engine JVM",
                    "type": "string",
                    "required": false,
                    "readOnly": false,
                    "application": false,
                    "level": 1,
                    "internalName": "HEAP_OPTS",
                    "title": "Heap options",
                    "default": "-XX:MaxRAMPercentage=80 -XshowSettings:vm"
                  }
                }
              }
            }
          }
        }
      },
      "settings": {
        "type": "object",
        "additionalProperties": false,
        "ui": {
          "component": "standard"
        },
        "name": "settings",
        "title": "Settings",
        "description": "In this tab you can configure the general configuration of CDC-Engine.",
        "properties": {
          "globalSettings": {
            "type": "object",
            "additionalProperties": false,
            "ui": {
              "component": "accordion"
            },
            "name": "GlobalSettings",
            "title": "Global Settings",
            "description": "Defines global CDC-Engine configuration values.",
            "properties": {
              "kafkaHost": {
                "description": "Kafka service name used to build the connection string.",
                "type": "string",
                "minLength": 3,
                "required": true,
                "readOnly": false,
                "application": false,
                "level": 2,
                "internalName": "BOOTSTRAP_SERVERS",
                "title": "Kafka framework service host",
                "default": "${kafkaConnection.host.broker}.${kafkaConnection.namespace}:${kafkaConnection.host.broker.port}"
              },
              "kafkaUser": {
                "description": "Kafka user.",
                "type": "string",
                "required": true,
                "readOnly": false,
                "application": false,
                "level": 1,
                "internalName": "KAFKA_USER",
                "ui": {
                  "updatable": false
                },
                "title": "Kafka user",
                "default": "${Application.id}"
              },
              "groupIdPrefix": {
                "description": "Group Id Prefix (Part of the Group Id).",
                "type": "string",
                "required": true,
                "readOnly": false,
                "application": false,
                "level": 1,
                "internalName": "GROUP_ID_PREFIX",
                "ui": {
                  "updatable": false
                },
                "title": "Group Id Prefix (Part of the Group Id)",
                "default": "${serviceId}"
              },
              "groupId": {
                "description": "Group Id (Kafka Connect cluster name).",
                "type": "string",
                "required": true,
                "readOnly": true,
                "application": false,
                "level": 1,
                "internalName": "GROUP_ID",
                "ui": {
                  "updatable": false
                },
                "title": "Group Id (Kafka Connect cluster name)",
                "default": "${groupIdPrefix}.${k8sNamespace}"
              },
              "overrideWorkerConfig": {
                "description": "Override the Worker Configuration.",
                "type": "string",
                "required": false,
                "readOnly": false,
                "application": false,
                "level": 1,
                "internalName": "CONNECT_CONNECTOR_CLIENT_CONFIG_OVERRIDE_POLICY",
                "ui": {
                  "updatable": true
                },
                "title": "Override the Worker Configuration policy.",
                "enum": [
                  "None",
                  "All",
                  "Principal"
                ],
                "default": "None"
              },
              "topics": {
                "type": "object",
                "additionalProperties": false,
                "ui": {
                  "component": "accordion"
                },
                "name": "Topics",
                "title": "Kafka topics",
                "description": "Section to configure CDC-Engine topics",
                "properties": {
                  "configStorageTopic": {
                    "description": "Topic to store configuration",
                    "type": "string",
                    "required": false,
                    "readOnly": false,
                    "application": false,
                    "level": 1,
                    "internalName": "CONFIG_STORAGE_TOPIC",
                    "ui": {
                      "updatable": false
                    },
                    "title": "Configuration topic",
                    "default": "${groupId}_config"
                  },
                  "configStorageTopicReplication": {
                    "description": "config topic's replication factor",
                    "type": "number",
                    "required": false,
                    "readOnly": false,
                    "application": false,
                    "level": 1,
                    "internalName": "CONFIG_STORAGE_REPLICATION_FACTOR",
                    "ui": {
                      "updatable": false
                    },
                    "title": "Replication configuration topic (Kafka default = -1)",
                    "default": -1
                  },
                  "offsetStorageTopic": {
                    "description": "Topic to store offsets",
                    "type": "string",
                    "required": false,
                    "readOnly": false,
                    "application": false,
                    "level": 1,
                    "internalName": "OFFSET_STORAGE_TOPIC",
                    "ui": {
                      "updatable": false
                    },
                    "title": "Offsets topic",
                    "default": "${groupId}_offset"
                  },
                  "offsetStorageTopicReplication": {
                    "description": "offset topic's replication factor",
                    "type": "number",
                    "required": false,
                    "readOnly": false,
                    "application": false,
                    "level": 1,
                    "internalName": "OFFSET_STORAGE_REPLICATION_FACTOR",
                    "ui": {
                      "updatable": false
                    },
                    "title": "Replication offset topic (Kafka default = -1)",
                    "default": -1
                  },
                  "statusesStorageTopic": {
                    "description": "Topic to store status",
                    "type": "string",
                    "required": false,
                    "readOnly": false,
                    "application": false,
                    "level": 1,
                    "internalName": "STATUS_STORAGE_TOPIC",
                    "ui": {
                      "updatable": false
                    },
                    "title": "Status topic",
                    "default": "${groupId}_statuses"
                  },
                  "statusesStorageTopicReplication": {
                    "description": "statuses topic's replication factor",
                    "type": "number",
                    "required": false,
                    "readOnly": false,
                    "application": false,
                    "level": 1,
                    "internalName": "STATUS_STORAGE_REPLICATION_FACTOR",
                    "ui": {
                      "updatable": false
                    },
                    "title": "Replication status topic (Kafka default = -1)",
                    "default": -1
                  }
                }
              },
              "offsetFlushInterval": {
                "description": "Time (miliseconds) to flush offset",
                "type": "number",
                "required": false,
                "readOnly": false,
                "application": false,
                "level": 1,
                "internalName": "OFFSET_FLUSH_INTERVAL_MS",
                "ui": {
                  "updatable": true
                },
                "title": "Offsets flush interval",
                "default": 60000
              },
              "offsetFlushTimeout": {
                "description": "Time (miliseconds) offset flush timeout",
                "type": "number",
                "required": false,
                "readOnly": false,
                "application": false,
                "level": 1,
                "internalName": "OFFSET_FLUSH_TIMEOUT_MS",
                "ui": {
                  "updatable": true
                },
                "title": "Offsets flush interval",
                "default": 5000
              },
              "keyConverter": {
                "description": "Class to write kafka keys",
                "type": "string",
                "required": false,
                "readOnly": false,
                "application": false,
                "level": 1,
                "internalName": "KEY_CONVERTER",
                "ui": {
                  "updatable": false
                },
                "title": "Kafka key converter class",
                "default": "org.apache.kafka.connect.json.JsonConverter"
              },
              "internalKeyConverter": {
                "description": "Class to write kafka keys",
                "type": "string",
                "required": false,
                "readOnly": false,
                "application": false,
                "level": 1,
                "internalName": "INTERNAL_KEY_CONVERTER",
                "ui": {
                  "updatable": false
                },
                "title": "Internal kafka key converter class",
                "default": "org.apache.kafka.connect.json.JsonConverter"
              },
              "valueConverter": {
                "description": "Class to write kafka values",
                "type": "string",
                "required": false,
                "readOnly": false,
                "application": false,
                "level": 1,
                "internalName": "VALUE_CONVERTER",
                "ui": {
                  "updatable": false
                },
                "title": "Value converter",
                "default": "org.apache.kafka.connect.json.JsonConverter"
              },
              "internalValueConverter": {
                "description": "Class to write kafka values",
                "type": "string",
                "required": false,
                "readOnly": false,
                "application": false,
                "level": 1,
                "internalName": "INTERNAL_VALUE_CONVERTER",
                "ui": {
                  "updatable": false
                },
                "title": "Internal value converter",
                "default": "org.apache.kafka.connect.json.JsonConverter"
              },
              "jmxPort": {
                "description": "JMX Listinening port",
                "type": "number",
                "required": false,
                "readOnly": false,
                "application": false,
                "level": 2,
                "internalName": "JMXPORT",
                "ui": {
                  "updatable": true
                },
                "title": "JMX Listening port",
                "default": 5080
              },
              "jmxHost": {
                "description": "JMX Listinening host",
                "type": "string",
                "required": false,
                "readOnly": false,
                "application": false,
                "level": 2,
                "internalName": "JMXHOST",
                "ui": {
                  "updatable": true
                },
                "title": "JMX Listening host",
                "default": "127.0.0.1"
              },
              "extraJARs": {
                "description": "Comma separated list of CDC-Engine extra JARs",
                "type": "string",
                "required": false,
                "readOnly": false,
                "application": false,
                "level": 1,
                "internalName": "CDCENGINE_EXTRA_JARS",
                "ui": {
                  "updatable": true
                },
                "title": "CDC-Engine extra JARs"
              }
            }
          },
          "log": {
            "type": "object",
            "additionalProperties": false,
            "ui": {
              "component": "accordion"
            },
            "name": "log",
            "title": "Logs",
            "description": "",
            "properties": {
              "logLevel": {
                "description": "Log level of the application.",
                "type": "string",
                "maxLength": 100,
                "minLength": 3,
                "required": false,
                "readOnly": false,
                "application": false,
                "level": 1,
                "internalName": "LOG_LEVEL",
                "title": "CDC-Engine log level",
                "enum": [
                  "TRACE",
                  "DEBUG",
                  "INFO",
                  "WARN",
                  "ERROR",
                  "FATAL"
                ],
                "default": "INFO"
              }
            }
          }
        }
      },
      "security": {
        "type": "object",
        "additionalProperties": false,
        "ui": {
          "component": "standard"
        },
        "name": "security",
        "title": "Security",
        "description": "",
        "properties": {
          "basicAuthEnabled": {
            "description": "Whether or not to enable CDC-Engine Basic Authentication on API calls.",
            "type": "boolean",
            "required": false,
            "readOnly": false,
            "application": false,
            "level": 1,
            "internalName": "BASIC_AUTH_ENABLED",
            "title": "Enable CDC-Engine Basic Authentication (all API endpoints)",
            "default": true
          },
          "sslClientAuth": {
            "description": "REST API Mutual TLS (SSL client auth).",
            "type": "string",
            "required": true,
            "readOnly": false,
            "application": false,
            "level": 1,
            "internalName": "SSL_CLIENT_AUTH",
            "title": "REST API Mutual TLS (SSL client auth)",
            "default": "required",
            "enum": [
              "required",
              "requested",
              "none"
            ]
          }
        }
      },
      "environment": {
        "type": "object",
        "additionalProperties": false,
        "ui": {
          "component": "standard"
        },
        "name": "environment",
        "title": "Environment",
        "description": "",
        "properties": {
          "vault": {
            "type": "object",
            "additionalProperties": false,
            "ui": null,
            "name": "vault",
            "title": "Vault",
            "description": "vault",
            "properties": {
              "vaultHost": {
                "description": "Host where the Vault is running on",
                "type": "string",
                "readOnly": true,
                "application": false,
                "level": 1,
                "internalName": "VAULT_HOST",
                "title": "Vault host",
                "default": "${globals.vault.vaultHost}"
              },
              "vaultPort": {
                "description": "Port where the Vault is listening on",
                "type": "integer",
                "readOnly": true,
                "application": false,
                "level": 1,
                "internalName": "VAULT_PORT",
                "title": "Vault port",
                "default": "${globals.vault.vaultPort}"
              },
              "vaultTokenRenewalMS": {
                "description": "The time in milliseconds to renew the Vault token",
                "type": "number",
                "required": false,
                "readOnly": false,
                "application": false,
                "level": 1,
                "internalName": "VAULT_PARAM_TOKEN_RENEWAL_MS",
                "title": "Vault token renewal time",
                "default": 480000,
                "ui": {
                  "updatable": true
                }
              },
              "vaultVersion": {
                "description": "KV Secrets Engine version of the Vault server instance. Defaults to 1",
                "type": "string",
                "required": false,
                "readOnly": false,
                "application": false,
                "level": 2,
                "internalName": "VAULT_PARAM_VAULT_ENGINE_VERSION",
                "title": "KV Secrets Engine version",
                "ui": {
                  "updatable": true
                },
                "enum": [
                  "V1"
                ],
                "default": "V1"
              }
            }
          }
        }
      }
    }
  },
  "lifecycles": {
    "install": {
      "start": [
        {
          "label": "Print install start log",
          "type": "io/print",
          "text": "Lifecycle: Install/start"
        },
        {
          "label": "Init secrets creation log",
          "type": "io/print",
          "text": "------------- Instance secrets creation --------------"
        },
        {
          "label": "=> Secrets Creation during install: Creating instance certificate for ${Application.id}",
          "type": "secret/certificate",
          "path": "/userland/certificates/${Application.id}",
          "secretName": "${Application.id}",
          "commonName": "${Application.id}",
          "altNames": "${serviceId}, ${Application.id}, *.${Application.id}"
        },
        {
          "label": "=> Secrets Creation during install: Creating keystore for ${Application.id}",
          "type": "secret/password",
          "path": "/userland/passwords/${Application.id}",
          "secretName": "keystore",
          "password": "${randomString(10)}"
        },
        {
          "label": "=> Secrets Creation during install: Password auth for ${Application.id}",
          "type": "secret/password",
          "path": "/userland/passwords/${Application.id}",
          "secretName": "auth",
          "user": "cdc-engine",
          "password": "${randomString(10)}"
        },
        {
          "label": "Init secrets creation log",
          "type": "io/print",
          "text": "------------- Gosec users creation --------------"
        },
        {
          "label": "=> Gosec: Creating user ${Application.id} in tenant ${tenantId}",
          "type": "gosec/users/create",
          "users": [
            "GosecUser(id ${Application.id}, tenant ${tenantId}, name ${Application.id}, email ${Application.id}@stratio.com)"
          ]
        },
        {
          "label": "Policies creation",
          "type": "io/print",
          "text": "------------- Policies creation --------------"
        },
        {
          "label": "=> Creating CDC-Engine ACL policy in Gosec: dlc-${cdcEntityInstanceName}-acl, sid: ${kafka}, topic: ${topics.configStorageTopic}, user: ${Application.id}",
          "type": "gosec/policies/create",
          "name": "${Application.id}-kafka-acl",
          "enabled": "${aclCreationForSecuredKafka}",
          "groups": [],
          "users": [
            "${Application.id}"
          ],
          "tid": "${tenantId}",
          "services": [
            {
              "serviceType": "kafka",
              "instances": [
                {
                  "sid": "${kafkaConnection.host}.${kafkaConnection.namespace}",
                  "acls": [
                    "ACL(resourceType Topic, name ${groupId}_config, actionsAllow [Alter, Delete, Describe, Read, Write], actionsDeny [], recursive false)",
                    "ACL(resourceType Topic, name ${groupId}_offset, actionsAllow [Alter, Delete, Describe, Read, Write], actionsDeny [], recursive false)",
                    "ACL(resourceType Topic, name ${groupId}_statuses, actionsAllow [Alter, Delete, Describe, Read, Write], actionsDeny [], recursive false)",
                    "ACL(resourceType Topic, name dlc.*, actionsAllow [Alter, Delete, Describe, Read, Write], actionsDeny [], recursive false)",
                    "ACL(resourceType Topic, name __consumer_offsets, actionsAllow [Alter, Delete, Describe, Read, Write], actionsDeny [], recursive false)",
                    "ACL(resourceType Cluster, name *, actionsAllow [Describe, Create], actionsDeny [], recursive false)",
                    "ACL(resourceType Group, name *, actionsAllow [Describe, Read], actionsDeny [], recursive false)"
                  ]
                }
              ]
            }
          ]
        },
        {
          "type": "kubernetes/customresource/create",
          "apiVersion": "secrets.stratio.com/v1",
          "kind": "SecretsIdentity",
          "plural": "SecretsIdentities",
          "name": "${Application.name}",
          "namespace": "${Application.domain}",
          "spec": "{\"bundles\":[\"${Application.name}\"],\"subject\":{\"kind\":\"ServiceAccount\",\"name\":\"${Application.name}\",\"namespace\":\"${Application.domain}\"}}",
          "enabled": "true"
        },
        {
          "label": "=> Wait 10s until everything is configured...",
          "type": "time/sleep",
          "millis": "10000"
        }
      ],
      "install/pre": [
        {
          "label": "Print install pre task log",
          "type": "io/print",
          "text": "Printing install pre task log"
        }
      ],
      "install/post": [
        {
          "label": "Print install post task log",
          "type": "io/print",
          "text": "Printing install post task log"
        },
        {
          "label": "=> Wait another 10s until everything is configured...",
          "type": "time/sleep",
          "millis": "10000"
        }
      ],
      "install/finalize": [
        {
          "label": "Print install finalize task log",
          "type": "io/print",
          "text": "Printing install finalize task log"
        }
      ],
      "finish": [
        {
          "label": "Print install finish log",
          "type": "io/print",
          "text": "Printing install finish log"
        }
      ]
    },
    "update": {
      "start": [
        {
          "label": "Print update start log",
          "type": "io/print",
          "text": "Printing update start log"
        }
      ],
      "update/pre": [
        {
          "label": "Print update pre task log",
          "type": "io/print",
          "text": "Printing update pre task log"
        }
      ],
      "update/post": [
        {
          "label": "Print update post task log",
          "type": "io/print",
          "text": "Printing update post task log"
        }
      ],
      "update/finalize": [
        {
          "label": "Print update finalize task log",
          "type": "io/print",
          "text": "Printing update finalize task log"
        }
      ],
      "finish": [
        {
          "label": "Print update finish log",
          "type": "io/print",
          "text": "Printing update finish log"
        }
      ]
    },
    "upgrade": {
      "start": [
        {
          "label": "Print upgrade start log",
          "type": "io/print",
          "text": "Printing upgrade start log"
        }
      ],
      "upgrade/pre": [
        {
          "label": "Print upgrade pre task log",
          "type": "io/print",
          "text": "Printing upgrade pre task log"
        }
      ],
      "upgrade/post": [
        {
          "label": "Print upgrade post task log",
          "type": "io/print",
          "text": "Printing upgrade post task log"
        }
      ],
      "upgrade/finalize": [
        {
          "label": "Print upgrade finalize task log",
          "type": "io/print",
          "text": "Printing upgrade finalize task log"
        }
      ],
      "finish": [
        {
          "label": "Print upgrade finish log",
          "type": "io/print",
          "text": "Printing upgrade finish log"
        }
      ]
    },
    "restart": {
      "start": [
        {
          "label": "Print restart start log",
          "type": "io/print",
          "text": "Printing restart start log"
        }
      ],
      "restart/pre": [
        {
          "label": "Print restart pre task log",
          "type": "io/print",
          "text": "Printing restart pre task log"
        }
      ],
      "restart/post": [
        {
          "label": "Print restart post task log",
          "type": "io/print",
          "text": "Printing restart post task log"
        }
      ],
      "restart/finalize": [
        {
          "label": "Print restart finalize task log",
          "type": "io/print",
          "text": "Printing restart finalize task log"
        }
      ],
      "finish": [
        {
          "label": "Print restart finish log",
          "type": "io/print",
          "text": "Printing restart finish log"
        }
      ]
    },
    "uninstall": {
      "start": [
        {
          "label": "Print uninstall start log",
          "type": "io/print",
          "text": "Printing uninstall start log"
        }
      ],
      "uninstall/pre": [
        {
          "label": "Print uninstall pre task log",
          "type": "io/print",
          "text": "Printing uninstall pre task log"
        }
      ],
      "uninstall/post": [
        {
          "label": "Print uninstall post task log",
          "type": "io/print",
          "text": "Printing uninstall post task log"
        }
      ],
      "uninstall/finalize": [
        {
          "label": "Print uninstall finalize task log",
          "type": "io/print",
          "text": "Printing uninstall finalize task log"
        }
      ],
      "finish": [
        {
          "label": "Print uninstall finish log",
          "type": "io/print",
          "text": "Printing uninstall finish log"
        }
      ]
    }
  }
}
