{
  "data": {
    "serviceName": "dlc-entity",
    "model": "default",
    "version": "13.1.0",
    "description": "Component used to move data from different layers or domains (it has its own parametrized Rocket workflows).",
    "framework": false,
    "highAvailability": false,
    "healthChecks": {
      "http": [
        {
          "gracePeriodSeconds": 5,
          "intervalSeconds": 15,
          "maxConsecutiveFailures": 25,
          "timeoutSeconds": 10,
          "delaySeconds": 15,
          "ignoreHttp1xx": false,
          "path": "/health",
          "portIndex": 1
        }
      ],
      "command": []
    },
    "networking": {
      "expose": [
        {
          "portIndex": 0,
          "vhost": "${haProxyHost}",
          "path": "",
          "redirectHttpToHttps": true,
          "includePortName": false,
          "sticky": false,
          "external": true,
          "schema": "https",
          "nginx.ingress.kubernetes.io/rewrite-target": "/$2",
          "nginx.ingress.kubernetes.io/backend-protocol": "HTTPS",
          "nginx.ingress.kubernetes.io/proxy-body-size": 0,
          "nginx.ingress.kubernetes.io/proxy-connect-timeout": 300,
          "nginx.ingress.kubernetes.io/proxy-send-timeout": 300,
          "nginx.ingress.kubernetes.io/proxy-read-timeout": 300,
          "nginx.ingress.kubernetes.io/x-forwarded-prefix": "/${serviceId}"
        }
      ],
      "network": {
        "networkType": "user",
        "ports": [
          {
            "containerPort": 8080,
            "hostPort": 8080,
            "servicePort": 0,
            "protocol": "tcp",
            "name": "app"
          },
          {
            "servicePort": 0,
            "protocol": "tcp",
            "name": "metrics",
            "labels": {
              "metrics_path": "/prometheus"
            },
            "containerPort": 8091
          }
        ],
        "requirePorts": true
      }
    },
    "container": {
      "runners": [
        {
          "id": "com.stratio.tais.persistence.model.service.container.DockerRunner",
          "typeClass": "com.stratio.tais.persistence.model.service.container.DockerRunner",
          "image": "${eos.dockerRegistry}/dlc-entity:3.0.0",
          "forcePullImage": true,
          "privileged": false
        }
      ],
      "volumes": []
    },
    "secrets": {
      "appRole": "role",
      "secretRole": "${approlename}"
    },
    "dependencies": [
      {
        "id": "postgresConnectionDB",
        "title": "PostgreSQL used for connection",
        "query": "service: ((?i)(Postgres) OR (?i)(PgBouncer))",
        "required": true,
        "extended": true
      },
      {
        "id": "postgresPolicies",
        "title": "PostgreSQL used for policy creation. If connection is via PgBouncer, select the main PostgreSQL instance otherwise select the same instance as above",
        "query": "service: ((?i)(Postgres))",
        "required": true,
        "extended": false
      },
      {
        "id": "rocketApp",
        "title": "Rocket used",
        "query": "service: rocket",
        "required": false,
        "extended": false
      }
    ],
    "discovery": {
      "pattern": "*"
    },
    "permissions": {
      "enabled": true,
      "policies": [
        "K8sApplicationRole(id ${Application.name})"
      ]
    }
  },
  "parameters": {
    "type": "object",
    "additionalProperties": false,
    "properties": {
      "general": {
        "type": "object",
        "additionalProperties": false,
        "ui": {
          "component": "standard"
        },
        "name": "general",
        "title": "General",
        "description": "Tab to configure the default deployment of a dlc-entity.",
        "properties": {
          "serviceId": {
            "description": "Service name for your dlc-entity instance.",
            "type": "string",
            "required": true,
            "readOnly": false,
            "application": true,
            "internalName": "SERVICE_ID",
            "ui": {
              "updatable": false
            },
            "title": "Dlc-entity service name",
            "default": "dlc-entity",
            "examples": [
              "dlc-entity"
            ]
          },
          "dlcEntityInstanceName": {
            "description": "Identity used for secrets creation and storage in Vault. It is the composition of the Discovery service name and the namespace where discovery is being deployed.",
            "type": "string",
            "required": true,
            "readOnly": true,
            "application": false,
            "internalName": "INSTANCE_NAME",
            "ui": {
              "updatable": false
            },
            "title": "Dlc-entity instance name",
            "default": "${Application.id}"
          },
          "keosTenantId": {
            "description": "Tenant where dlc-entity will be deployed.",
            "type": "string",
            "required": false,
            "readOnly": true,
            "pattern": "(^[a-z0-9]+)$",
            "application": false,
            "level": 2,
            "internalName": "EOS_TENANT",
            "title": "Internal tenant id",
            "default": "${tenantId}"
          },
          "namespace": {
            "description": "Namespace",
            "type": "string",
            "minimum": 1,
            "required": false,
            "readOnly": true,
            "application": false,
            "level": 2,
            "internalName": "KUBERNETES_NAMESPACE",
            "ui": {
              "updatable": false
            },
            "title": "Namespace",
            "default": "${k8sNamespace}"
          },
          "deploymentEnvironment": {
            "description": "Deployment environment",
            "type": "string",
            "minimum": 1,
            "required": false,
            "readOnly": true,
            "application": false,
            "level": 2,
            "internalName": "DEPLOYMENT_ENVIRONMENT",
            "ui": {
              "updatable": false
            },
            "title": "Deployment environment",
            "default": "keos"
          },
          "networking": {
            "type": "object",
            "additionalProperties": false,
            "ui": {
              "component": "standard"
            },
            "name": "networking",
            "title": "Networking",
            "description": "Tab to configure the default deployment of dlc-entity.",
            "properties": {
              "haProxyHost": {
                "description": "URL host to access to your Stratio dlc-entity service. Usually in Stratio laboratories the value is any subdomain of xxx.labs.stratio.com, i.e. dlc-entity.k8s.xxx.labs.stratio.com.",
                "type": "string",
                "minimum": 1,
                "default": "${serviceId}.${tenantId}.${external_domain}",
                "required": true,
                "readOnly": false,
                "application": false,
                "level": 1,
                "internalName": "VIRTUAL_HOST",
                "examples": [
                  "public.kubernetes.stratio.com",
                  "dlc-entity.k8s.xxx.labs.stratio.com"
                ],
                "ui": {
                  "updatable": false
                },
                "title": "URI host (in Stratio labs is any subdomain of xxx.labs.stratio.com i.e. dlc-entity.k8s.xxx.labs.stratio.com)"
              },
              "dlcEntityBasePath": {
                "description": "DLC URL base path",
                "type": "string",
                "minimum": 1,
                "required": false,
                "readOnly": false,
                "application": false,
                "level": 2,
                "internalName": "DLC_BASE_PATH",
                "ui": {
                  "updatable": false
                },
                "title": "DLC URL base path",
                "default": "/"
              },
              "dlcEntityBasePathSwagger": {
                "description": "DLC URL base path for Swagger",
                "type": "string",
                "minimum": 1,
                "required": false,
                "readOnly": false,
                "application": false,
                "level": 2,
                "internalName": "DLC_BASE_PATH_SWAGGER",
                "ui": {
                  "updatable": false
                },
                "title": "DLC URL base path for Swagger",
                "default": "/${serviceId}"
              }
            }
          },
          "postgresql": {
            "type": "object",
            "additionalProperties": false,
            "ui": {
              "component": "standard"
            },
            "name": "postgresql",
            "title": "PostgreSQL",
            "description": "Section to configure PostgreSQL.",
            "properties": {
              "postgresPgHost": {
                "description": "Postgres bouncer service name used to build the connection string.",
                "type": "string",
                "minLength": 3,
                "required": false,
                "readOnly": false,
                "application": false,
                "level": 2,
                "internalName": "POSTGRES_HOST",
                "title": "Postgres service host (filled via Service Discovery section)",
                "default": "${postgresConnectionDB.host}.${postgresConnectionDB.namespace}:${postgresConnectionDB.port}"
              },
              "postgresServiceId": {
                "description": "Postgres service name used to create the Gosec policies.",
                "type": "string",
                "required": false,
                "readOnly": false,
                "application": true,
                "level": 2,
                "internalName": "POSTGRES_SERVICE_ID",
                "title": "Postgres Service ID (filled via Service Discovery section)",
                "example": "pg-centralized.keos-datastores",
                "default": "${postgresPolicies.host}.${postgresPolicies.namespace}"
              },
              "postgresDbCreationClusterName": {
                "description": "Postgres service name used to create the database.",
                "type": "string",
                "required": false,
                "readOnly": false,
                "application": true,
                "level": 2,
                "internalName": "POSTGRES_DB_CREATION",
                "title": "PostgresDB cluster name (filled via Service Discovery section)",
                "example": "pg-centralized",
                "default": "${postgresPolicies.host}"
              },
              "postgresNamespace": {
                "description": "Postgres namespace used to create the database.",
                "type": "string",
                "required": false,
                "readOnly": false,
                "application": true,
                "level": 2,
                "internalName": "POSTGRES_NAMESPACE_CREATION",
                "title": "PostgresDB namespace (filled via Service Discovery section)",
                "default": "${postgresPolicies.namespace}"
              },
              "postgresDatabase": {
                "description": "Set the database name to use in Postgres e.g. dlc-entity, postgres.",
                "type": "string",
                "minLength": 1,
                "required": true,
                "readOnly": false,
                "pattern": "^[\\S]*$",
                "application": false,
                "level": 1,
                "internalName": "POSTGRES_DATABASE",
                "examples": [
                  "dlc-entity"
                ],
                "default": "${serviceId}",
                "ui": {
                  "updatable": false
                },
                "title": "Postgres Database name (default: dlc-entity service name)"
              },
              "postgresSchema": {
                "description": "Set the schema name to use in Postgres.",
                "type": "string",
                "minLength": 3,
                "required": false,
                "readOnly": false,
                "application": false,
                "level": 2,
                "internalName": "POSTGRES_SCHEMA",
                "title": "Postgres Schema",
                "default": "entity"
              },
              "postgresUser": {
                "description": "Postgres user.",
                "type": "string",
                "required": false,
                "readOnly": false,
                "application": false,
                "level": 2,
                "internalName": "POSTGRES_USER",
                "ui": {
                  "updatable": false
                },
                "title": "Postgres user",
                "default": "${Application.id}"
              },
              "postgresDatabaseCreation": {
                "description": "Boolean flag to indicate if Postgres database must be created as a pre-deployment task",
                "type": "boolean",
                "required": true,
                "readOnly": false,
                "application": true,
                "level": 1,
                "internalName": "POSTGRES_DATABASE_CREATION_TASK",
                "title": "Create Postgres database as a pre-deployment task",
                "default": true
              }
            },
            "required": []
          },
          "rocket": {
            "type": "object",
            "additionalProperties": false,
            "ui": {
              "component": "standard"
            },
            "name": "Rocket",
            "title": "Rocket",
            "description": "Section to configure Rocket.",
            "properties": {
              "executeRocketPrerequisites": {
                "description": "Whether to execute Rocket prerequisites automatically for this dlc-entity instance.",
                "type": "boolean",
                "required": true,
                "readOnly": false,
                "application": true,
                "internalName": "ROCKET_PREREQUISITES",
                "title": "Execute Rocket prerequisites",
                "default": true
              },
              "rocketEnabled": {
                "description": "Enable rocket configuration",
                "type": "boolean",
                "required": true,
                "readOnly": false,
                "application": false,
                "level": 1,
                "internalName": "ROCKET_SERVICE_ENABLED",
                "title": "Enable Rocket",
                "default": true
              },
              "rocketServiceName": {
                "description": "Set the Rocket Service Name.",
                "type": "string",
                "minLength": 1,
                "required": true,
                "readOnly": false,
                "application": false,
                "level": 2,
                "internalName": "ROCKET_SERVICE_NAME",
                "ui": {
                  "visible": {
                    "rocketEnabled": true
                  }
                },
                "examples": [
                  "rocket.keos-apps"
                ],
                "title": "Rocket Service Name",
                "default": "${rocketApp.host}.${rocketApp.namespace}"
              },
              "rocketUrl": {
                "description": "Set the Rocket URL.",
                "type": "string",
                "minLength": 1,
                "required": false,
                "readOnly": true,
                "pattern": "^[\\S]*$",
                "application": false,
                "level": 2,
                "internalName": "ROCKET_URL",
                "ui": {
                  "visible": {
                    "rocketEnabled": true
                  }
                },
                "default": "https://${rocketServiceName}:7777",
                "title": "URL"
              }
            }
          },
          "cdcEngine": {
            "type": "object",
            "additionalProperties": false,
            "ui": {
              "component": "standard"
            },
            "name": "cdcEngine",
            "title": "CDC Engine",
            "description": "Section to configure CDC Engine.",
            "properties": {
              "cdcEngineEnabled": {
                "description": "Enable the CDC Engine Service.",
                "type": "boolean",
                "required": true,
                "readOnly": false,
                "application": false,
                "level": 1,
                "internalName": "CDC_ENGINE_SERVICE_ENABLED",
                "title": "Enable CDC Engine Service",
                "default": true
              },
              "cdcEngineServiceId": {
                "description": "Set the name of CDC Engine.",
                "type": "string",
                "required": false,
                "readOnly": false,
                "application": false,
                "level": 1,
                "ui": {
                  "visible": {
                    "cdcEngineEnabled": true
                  }
                },
                "internalName": "CDC_ENGINE_SERVICE_ID",
                "title": "CDC Engine Service Id",
                "examples": [
                  "cdc-engine"
                ],
                "default": "cdc-engine"
              },
              "cdcEngineServiceNamespace": {
                "description": "Set the namespace of CDC Engine.",
                "type": "string",
                "required": false,
                "readOnly": false,
                "application": false,
                "level": 1,
                "ui": {
                  "visible": {
                    "cdcEngineEnabled": true
                  }
                },
                "internalName": "CDC_ENGINE_SERVICE_NAMESPACE",
                "title": "CDC Engine Service Namespace",
                "default": "${k8sNamespace}"
              },
              "cdcEngineServiceName": {
                "description": "Set the name of CDC Engine.",
                "type": "string",
                "required": false,
                "readOnly": false,
                "application": false,
                "level": 2,
                "ui": {
                  "visible": {
                    "cdcEngineEnabled": true
                  }
                },
                "internalName": "CDC_ENGINE_SERVICE_NAME",
                "title": "CDC Engine Service Name",
                "examples": [
                  "cdc-engine"
                ],
                "default": "${cdcEngineServiceId}.${cdcEngineServiceNamespace}"
              },
              "cdcEngineUrl": {
                "description": "Set the CDC Engine URL",
                "type": "string",
                "required": false,
                "readOnly": false,
                "application": false,
                "level": 2,
                "ui": {
                  "visible": {
                    "cdcEngineEnabled": true
                  }
                },
                "internalName": "CDC_ENGINE_URL",
                "title": "Service CDC Engine URL",
                "default": "https://${cdcEngineServiceName}:8083"
              }
            }
          },
          "governance": {
            "type": "object",
            "additionalProperties": false,
            "ui": {
              "component": "standard"
            },
            "name": "governance",
            "title": "Governance API",
            "description": "Section to configure access to Governance API.",
            "properties": {
              "governanceAPIHeadersRole": {
                "description": "Set the Governance header (role) used to invoke Governance API.",
                "type": "string",
                "required": true,
                "readOnly": false,
                "application": false,
                "level": 1,
                "internalName": "GOVERNANCE_API_HEADERS_ROLE",
                "default": "Service",
                "ui": {
                  "updatable": false
                },
                "title": "Governance Header Role"
              },
              "governanceAPIHeadersTenant": {
                "description": "Set the Governance header (tenant) used to invoke Governance API.",
                "type": "string",
                "required": true,
                "readOnly": false,
                "application": false,
                "level": 1,
                "internalName": "GOVERNANCE_API_HEADERS_TENANT",
                "default": "${tenantId}",
                "ui": {
                  "updatable": false
                },
                "title": "Governance Header namespace"
              },
              "governanceAPIHeadersUser": {
                "description": "Set the Governance header (user) used to invoke Governance API.",
                "type": "string",
                "minLength": 1,
                "required": true,
                "readOnly": false,
                "application": false,
                "level": 1,
                "internalName": "GOVERNANCE_API_HEADERS_USER",
                "default": "${Application.id}",
                "ui": {
                  "updatable": false
                },
                "title": "Governance Header User"
              },
              "governanceAPIMaxConnections": {
                "description": "Set the maximum concurrent connections to Governance API.",
                "type": "integer",
                "required": false,
                "readOnly": false,
                "application": false,
                "level": 1,
                "internalName": "GOVERNANCE_API_MAX_CONNECTIONS",
                "title": "Governance Max Connections",
                "default": 10
              },
              "governanceURL": {
                "description": "Set the Governance Internal URL API.",
                "type": "string",
                "minLength": 1,
                "required": true,
                "readOnly": true,
                "pattern": "^[\\S]*$",
                "application": false,
                "level": 1,
                "internalName": "GOVERNANCE_API_URL",
                "default": "https://dg-businessglossary-api.keos-core:60000",
                "ui": {
                  "updatable": false
                },
                "title": "Governance Internal API URL"
              }
            }
          },
          "identity": {
            "type": "object",
            "additionalProperties": false,
            "ui": {
              "component": "standard"
            },
            "name": "identity",
            "title": "Service Identity",
            "description": "Vault properties configuration.",
            "properties": {
              "approlename": {
                "description": "Role of the app used for dynamic authentication.",
                "type": "string",
                "required": true,
                "readOnly": false,
                "application": false,
                "level": 1,
                "internalName": "VAULT_ROLE",
                "ui": {
                  "updatable": false
                },
                "title": "Secret Role",
                "default": "${Application.domain}-${Application.name}"
              },
              "vaultprotocol": {
                "application": false,
                "description": "Vault Protocol",
                "internalName": "VAULT_PROTOCOL",
                "level": 2,
                "readOnly": false,
                "required": true,
                "title": "Vault protocol",
                "type": "string",
                "default": "HTTPS",
                "ui": {
                  "updatable": false
                }
              },
              "vaultEnabled": {
                "application": false,
                "description": "Vault Enable",
                "internalName": "VAULT_ENABLE",
                "level": 2,
                "readOnly": false,
                "required": true,
                "title": "Vault Enable",
                "type": "boolean",
                "default": true,
                "ui": {
                  "updatable": false
                }
              }
            }
          },
          "resources": {
            "type": "object",
            "additionalProperties": false,
            "ui": {
              "component": "accordion"
            },
            "name": "resources",
            "title": "Resources",
            "description": "",
            "properties": {
              "INSTANCES": {
                "description": "Instances for the service",
                "type": "integer",
                "minimum": 0,
                "required": true,
                "readOnly": false,
                "application": true,
                "level": 1,
                "internalName": "INSTANCES",
                "title": "Instances",
                "default": 1
              },
              "CPUs": {
                "description": "CPUs for the service",
                "type": "number",
                "required": true,
                "readOnly": false,
                "application": true,
                "level": 1,
                "internalName": "CPUs",
                "title": "CPUs",
                "default": 0.5
              },
              "MEM": {
                "description": "Memory for the service",
                "type": "integer",
                "required": true,
                "readOnly": false,
                "application": true,
                "level": 1,
                "internalName": "MEM",
                "title": "Memory (MB)",
                "default": 1024
              },
              "DISK": {
                "description": "Disk for the service",
                "type": "integer",
                "required": true,
                "readOnly": false,
                "application": true,
                "level": 2,
                "internalName": "DISK",
                "title": "Disk",
                "default": 0
              },
              "moreresources": {
                "type": "object",
                "additionalProperties": false,
                "ui": {
                  "component": "show-more"
                },
                "name": "moreresources",
                "title": "",
                "description": "Section to configure JVM heap",
                "properties": {
                  "dlcEntityHeapPercentage": {
                    "description": "The area of memory used by the JVM for dynamic memory allocation.",
                    "type": "integer",
                    "required": true,
                    "readOnly": false,
                    "application": false,
                    "level": 1,
                    "internalName": "HEAP_PERCENTAGE",
                    "title": "Heap percentage",
                    "default": 80
                  }
                }
              }
            }
          }
        }
      },
      "settings": {
        "type": "object",
        "additionalProperties": false,
        "ui": {
          "component": "standard"
        },
        "name": "settings",
        "title": "Settings",
        "description": "In this tab you can configure the general configuration of DLC.",
        "properties": {
          "dlcGlobalSettings": {
            "type": "object",
            "additionalProperties": false,
            "ui": {
              "component": "accordion"
            },
            "name": "GlobalSettings",
            "title": "DLC Global Settings",
            "description": "Defines global DLC configuration values.",
            "properties": {
              "maxWFRunning": {
                "description": "Defines the maximum DLC Workflows running in the cluster at the same time.",
                "type": "integer",
                "required": false,
                "readOnly": false,
                "application": false,
                "level": 1,
                "internalName": "DLC_MAX_WF_RUNNING",
                "title": "Maximum number of Workflows running at the same time",
                "default": 10
              },
              "maxWFRunningTimeout": {
                "description": "Defines the maximum time a Workflow can stay in Running state until fails (in ms).",
                "type": "integer",
                "required": false,
                "readOnly": false,
                "application": false,
                "level": 1,
                "internalName": "DLC_MAX_WF_RUNNING_TIMEOUT_MS",
                "title": "Maximum time a Workflow can stay in Running state until fails (ms)",
                "default": 86400000
              },
              "retriesOnRocketWFFailures": {
                "description": "Defines the maximum retries when a running workflow fails.",
                "type": "integer",
                "required": false,
                "readOnly": false,
                "application": false,
                "level": 1,
                "internalName": "DLC_MAX_RETRIES_ON_WF_FAILURE",
                "title": "Maximum retries when a running workflow fails",
                "default": 3
              },
              "rocketRetriesTypes": {
                "description": "Regex to apply to Rocket executions failures responses, in order to do a retry or not the failure. Separated by break line.",
                "type": "string",
                "required": false,
                "readOnly": false,
                "application": false,
                "minLength": 1,
                "maxLength": 1000,
                "level": 1,
                "internalName": "DLC_RETRIES_ONLY_ON_REGEX",
                "title": "Regex to apply to Rocket executions failures responses, in order to do a retry or not the failure. Separated by break line",
                "default": ".*Futures timed out after \\[.*\\]\nChecker: the workflow execution +did not (start|stop)? correctly after maximum deployment time\nChecker: the workflow execution has invalid state Starting\nAn error was encountered while initializing Spark Session\nAn error was encountered while launching the Workflow App in the Marathon API"
              },
              "skipApplyRun": {
                "description": "Matches on configured regex, make DLC to skip a retry getting the Rocket running code.",
                "type": "string",
                "required": false,
                "readOnly": false,
                "application": false,
                "minLength": 0,
                "maxLength": 1000,
                "level": 1,
                "internalName": "DLC_SKIP_APPLY_RUN_WORKFLOW_REGEX",
                "title": "Matches on configured regex, make DLC to skip a retry getting the Rocket running code",
                "default": "The input query is not a valid SQL\nNo workflow found by id"
              },
              "executionSchedulerPeriod": {
                "description": "Defines the period to check changes for entities not finished (in ms).",
                "type": "integer",
                "required": false,
                "readOnly": false,
                "application": false,
                "level": 1,
                "internalName": "DLC_EXECUTION_SCHEDULER_PERIOD_MS",
                "title": "Period to check changes for entities not finished (ms)",
                "default": 10000
              },
              "rocketWFProject": {
                "description": "Defines the Rocket project name in which all workflows will be stored.",
                "type": "string",
                "required": false,
                "readOnly": false,
                "application": false,
                "minLength": 1,
                "level": 1,
                "internalName": "DLC_ROCKET_PROJECT_NAME",
                "title": "Rocket project name in which all workflows will be stored",
                "default": "DLC"
              },
              "rocketWFPath": {
                "description": "Defines the Rocket group name in which all workflows will be stored.",
                "type": "string",
                "required": false,
                "readOnly": false,
                "application": false,
                "minLength": 1,
                "level": 1,
                "internalName": "DLC_ROCKET_GROUP_NAME",
                "title": "Rocket group name in which all workflows will be stored",
                "default": "dlc"
              },
              "cloneQR": {
                "type": "boolean",
                "readOnly": false,
                "application": false,
                "level": 1,
                "internalName": "ROCKET_CLONE_QR",
                "title": "Weather to clone QR when running DLC workflows or not",
                "default": true
              },
              "createMassiveWorkflows": {
                "description": "Weather to create massive / grouped workflows when running DLC starts.",
                "type": "boolean",
                "readOnly": false,
                "application": false,
                "level": 1,
                "internalName": "CREATE_MASSIVE_WORKFLOWS",
                "title": "Enable massive/grouped workflows creation",
                "default": true
              },
              "retriesOnCDCEngineFailures": {
                "description": "Defines the maximum retries when a running CDC Engine task fails.",
                "type": "integer",
                "required": false,
                "readOnly": false,
                "application": false,
                "level": 1,
                "internalName": "DLC_MAX_RETRIES_ON_CDC_ENGINE_FAILURE",
                "title": "Maximum retries when a running CDC Engine task fails (infinite = -1)",
                "default": 3
              },
              "userTimeZone": {
                "description": "Represents a time zone offset, and also figures out daylight savings.",
                "type": "string",
                "required": true,
                "readOnly": false,
                "application": false,
                "minLength": 1,
                "level": 1,
                "internalName": "USER_TIMEZONE",
                "title": "Time zone offset",
                "default": "Europe/Madrid"
              }
            }
          },
          "log": {
            "type": "object",
            "additionalProperties": false,
            "ui": {
              "component": "accordion"
            },
            "name": "log",
            "title": "Logs",
            "description": "",
            "properties": {
              "logLevel": {
                "description": "Log level of the application.",
                "type": "string",
                "maxLength": 100,
                "minLength": 3,
                "required": false,
                "readOnly": false,
                "application": false,
                "level": 1,
                "internalName": "DLC_LOG_LEVEL",
                "title": "DLC log level",
                "enum": [
                  "TRACE",
                  "DEBUG",
                  "INFO",
                  "WARN",
                  "ERROR",
                  "FATAL"
                ],
                "default": "INFO"
              }
            }
          },
          "webClient": {
            "type": "object",
            "additionalProperties": false,
            "ui": {
              "component": "accordion"
            },
            "name": "Web Client",
            "title": "Web Client",
            "description": "",
            "properties": {
              "webClientMaxRetries": {
                "description": "Defines the DLC Web Client max retries on request failure.",
                "type": "integer",
                "required": false,
                "readOnly": false,
                "application": false,
                "level": 1,
                "internalName": "WEB_CLIENT_MAX_RETRIES",
                "title": "DLC Web Client max retries on request failure",
                "default": 0
              }
            }
          }
        }
      },
      "security": {
        "type": "object",
        "additionalProperties": false,
        "ui": {
          "component": "standard"
        },
        "name": "security",
        "title": "Security",
        "description": "",
        "properties": {
          "mutualTlsEnabled": {
            "description": "Whether or not enable mutual TLS",
            "type": "boolean",
            "required": true,
            "readOnly": false,
            "application": false,
            "level": 1,
            "internalName": "MUTUAL_TLS_ENABLED",
            "title": "Enable mutual TLS",
            "default": false
          },
          "mutualTlsCnWhitelist": {
            "description": "Comma-separated list of CNs that this microservice will admit",
            "type": "string",
            "required": false,
            "readOnly": false,
            "application": false,
            "level": 1,
            "internalName": "MUTUAL_TLS_CN_WHITELIST",
            "title": "Allowed services certificate CN (comma-separated list or *)",
            "default": "*",
            "ui": {
              "visible": {
                "mutualTlsEnabled": true
              }
            }
          },
          "jwtSecret": {
            "description": "JWT Secret name.",
            "type": "string",
            "required": false,
            "readOnly": false,
            "application": false,
            "level": 1,
            "internalName": "JWT_SECRET_NAME",
            "ui": {
              "visible": {
                "mutualTlsEnabled": false
              }
            },
            "title": "JWT Secret name",
            "default": "DLCSecretKey"
          },
          "jwtExpiration": {
            "description": "JWT Secret expiration time (in ms).",
            "type": "integer",
            "required": false,
            "readOnly": false,
            "application": false,
            "level": 1,
            "internalName": "JWT_SECRET_EXPIRATION_MS",
            "ui": {
              "visible": {
                "mutualTlsEnabled": false
              }
            },
            "title": "JWT Secret expiration time (ms)",
            "default": 86400000
          },
          "cdcEngineBasicAuthEnabled": {
            "description": "Whether or not enable CDC-Engine Basic Authentication",
            "type": "boolean",
            "required": true,
            "readOnly": false,
            "application": false,
            "level": 1,
            "internalName": "CDC_ENGINE_BASIC_AUTH_ENABLED",
            "title": "Enable CDC-Engine Basic Authentication",
            "default": false
          }
        }
      },
      "environment": {
        "type": "object",
        "additionalProperties": false,
        "ui": {
          "component": "standard"
        },
        "name": "environment",
        "title": "Environment",
        "description": "",
        "properties": {
          "vault": {
            "type": "object",
            "additionalProperties": false,
            "ui": null,
            "name": "vault",
            "title": "Vault",
            "description": "vault",
            "properties": {
              "vaultHost": {
                "description": "Host where the Vault is running on",
                "type": "string",
                "readOnly": true,
                "application": false,
                "level": 1,
                "internalName": "VAULT_HOST",
                "title": "Vault host",
                "default": "${globals.vault.vaultHost}"
              },
              "vaultPort": {
                "description": "Port where the Vault is listening on",
                "type": "integer",
                "readOnly": true,
                "application": false,
                "level": 1,
                "internalName": "VAULT_PORT",
                "title": "Vault port",
                "default": "${globals.vault.vaultPort}"
              }
            }
          }
        }
      }
    }
  },
  "lifecycles": {
    "install": {
      "start": [
        {
          "label": "Print install start log",
          "type": "io/print",
          "text": "Lifecycle: Install/start"
        },
        {
          "label": "Init secrets creation log",
          "type": "io/print",
          "text": "------------- Instance secrets creation --------------"
        },
        {
          "label": "=> Secrets Creation during install: Creating instance certificate for ${Application.id}",
          "type": "secret/certificate",
          "path": "/userland/certificates/${Application.id}",
          "secretName": "${Application.id}",
          "commonName": "${Application.id}",
          "altNames": "${serviceId}-${k8sNamespace}, ${rocketServerHost}, ${serviceId}-${k8sNamespace}.${k8sNamespace}, *.${k8sNamespace}"
        },
        {
          "label": "=> Secrets Creation during install: Creating keystore for ${Application.id}",
          "type": "secret/password",
          "path": "/userland/passwords/${Application.id}",
          "secretName": "keystore",
          "password": "${randomString(10)}"
        },
        {
          "label": "=> Secrets Creation during install: Creating jwtsecret for ${Application.id}",
          "type": "secret/password",
          "path": "/userland/passwords/${Application.id}",
          "secretName": "jwtsecret",
          "password": "${randomString(10)}"
        },
        {
          "label": "Init secrets creation log",
          "type": "io/print",
          "text": "------------- Gosec users creation --------------"
        },
        {
          "label": "=> Gosec: Creating user ${Application.id} in tenant ${tenantId}",
          "type": "gosec/users/create",
          "users": [
            "GosecUser(id ${Application.id}, tenant ${tenantId}, name ${Application.id}, email ${Application.id}@stratio.com)"
          ]
        },
        {
          "label": "Database creation",
          "type": "io/print",
          "text": "------------- Database creation --------------"
        },
        {
          "label": "=> Creating Database: ${postgresDatabase}, hostname: ${postgresDbCreationClusterName}, Namespace: ${postgresNamespace}",
          "type": "postgres/database/create",
          "databaseName": "${postgresDatabase}",
          "databaseNamespace": "${postgresNamespace}",
          "hostName": "${postgresDbCreationClusterName}",
          "hostNamespace": "${postgresNamespace}",
          "enabled": "${postgresDatabaseCreation}"
        },
        {
          "label": "Policies creation",
          "type": "io/print",
          "text": "------------- Policies creation --------------"
        },
        {
          "label": "=> Creating Postgres policy in Gosec: ${dlcEntityInstanceName}-pgacl, sid: ${postgresServiceId}, database: ${postgresDatabase}, user: ${Application.id}",
          "type": "gosec/policies/create",
          "name": "${dlcEntityInstanceName}-pgacl",
          "enabled": "${postgresDatabaseCreation}",
          "groups": [],
          "users": [
            "${Application.id}"
          ],
          "tid": "${tenantId}",
          "services": [
            {
              "serviceType": "postgres",
              "instances": [
                {
                  "sid": "${postgresServiceId}",
                  "acls": [
                    "ACL(resourceType Database, name ${postgresDatabase}, actionsAllow [Create, Connect, Temporary], actionsDeny [], recursive true)",
                    "ACL(resourceType Schema, name ${postgresDatabase}.*, actionsAllow [Create, Usage], actionsDeny [], recursive true)",
                    "ACL(resourceType Table, name ${postgresDatabase}.*, actionsAllow [Select, Insert, Update, Delete,  Truncate, References, Trigger], actionsDeny [], recursive true)",
                    "ACL(resourceType Function, name ${postgresDatabase}.*, actionsAllow [Execute], actionsDeny [], recursive true)",
                    "ACL(resourceType View, name ${postgresDatabase}.*, actionsAllow [Select, Insert, Update, Delete, Truncate, References, Trigger], actionsDeny [], recursive true)",
                    "ACL(resourceType Sequence, name ${postgresDatabase}.*, actionsAllow [Select, Update, Usage], actionsDeny [], recursive true)"
                  ]
                }
              ]
            }
          ]
        },
        {
          "label": "=> Creating Rocket API ACL policies: ${Application.id}-rocketacl, sid: ${rocketServiceName}, crossdata: ${rocketServiceName}-crossdata, user: ${Application.id}",
          "type": "gosec/policies/create",
          "name": "${Application.id}-service-policy",
          "enabled": "${rocketEnabled}",
          "groups": [],
          "users": [
            "${Application.id}"
          ],
          "tid": "${tenantId}",
          "services": [
            {
              "serviceType": "rocket",
              "instances": [
                {
                  "sid": "${rocketServiceName}",
                  "acls": [
                    "ACL(resourceType Project, name *, actionsAllow [Create], actionsDeny [], recursive true)",
                    "ACL(resourceType Administration, name *, actionsAllow [Audit, Manage], actionsDeny [], recursive true)"
                  ]
                }
              ]
            },
            {
              "serviceType": "crossdata",
              "instances": [
                {
                  "sid": "${rocketServiceName}-crossdata",
                  "acls": [
                    "ACL(resourceType table, name *, actionsAllow [Audit, Manage, Other, Read, ViewPolicies, Write], actionsDeny [], recursive true)",
                    "ACL(resourceType database, name *, actionsAllow [Audit, Create, Delete, Manage, Read, ViewPolicies, Write], actionsDeny [], recursive true)",
                    "ACL(resourceType udf, name *, actionsAllow [Read], actionsDeny [], recursive true)",
                    "ACL(resourceType datastore, name *, actionsAllow [Audit, Bind, Manage, ViewPolicies, Write], actionsDeny [], recursive true)",
                    "ACL(resourceType impersonator, name *, actionsAllow [Other], actionsDeny [], recursive true)"
                  ]
                }
              ]
            }
          ]
        },
        {
          "type": "kubernetes/customresource/create",
          "apiVersion": "secrets.stratio.com/v1",
          "kind": "SecretsIdentity",
          "plural": "SecretsIdentities",
          "name": "${Application.name}",
          "namespace": "${Application.domain}",
          "spec": "{\"bundles\":[\"${Application.name}\"],\"subject\":{\"kind\":\"ServiceAccount\",\"name\":\"${Application.name}\",\"namespace\":\"${Application.domain}\"}}",
          "enabled": "true"
        },
        {
          "type": "kubernetes/customresource/create",
          "apiVersion": "secrets.stratio.com/v2beta1",
          "kind": "SecretsIdentity",
          "plural": "SecretsIdentities",
          "name": "${Application.name}-${cdcEngineServiceId}",
          "namespace": "${cdcEngineServiceNamespace}",
          "spec": "{\"bundles\":[{\"name\":\"${cdcEngineServiceId}\",\"passwords\":[{\"name\":\"auth\"}]}],\"subject\":{\"kind\":\"ServiceAccount\",\"name\":\"${Application.name}\",\"namespace\":\"${cdcEngineServiceNamespace}\"}}",
          "enabled": "true"
        },
        {
          "label": "=> Wait 10s until everything is configured...",
          "type": "time/sleep",
          "millis": "10000"
        }
      ],
      "install/pre": [
        {
          "label": "Print install pre task log",
          "type": "io/print",
          "text": "Printing install pre task log"
        }
      ],
      "install/post": [
        {
          "label": "Print install post task log",
          "type": "io/print",
          "text": "Printing install post task log"
        },
        {
          "label": "=> Wait another 10s until everything is configured...",
          "type": "time/sleep",
          "millis": "10000"
        }
      ],
      "install/finalize": [
        {
          "label": "Print install finalize task log",
          "type": "io/print",
          "text": "Printing install finalize task log"
        }
      ],
      "finish": [
        {
          "label": "Print install finish log",
          "type": "io/print",
          "text": "Printing install finish log"
        }
      ]
    },
    "update": {
      "start": [
        {
          "label": "Print update start log",
          "type": "io/print",
          "text": "Printing update start log"
        }
      ],
      "update/pre": [
        {
          "label": "Print update pre task log",
          "type": "io/print",
          "text": "Printing update pre task log"
        }
      ],
      "update/post": [
        {
          "label": "Print update post task log",
          "type": "io/print",
          "text": "Printing update post task log"
        }
      ],
      "update/finalize": [
        {
          "label": "Print update finalize task log",
          "type": "io/print",
          "text": "Printing update finalize task log"
        }
      ],
      "finish": [
        {
          "label": "Print update finish log",
          "type": "io/print",
          "text": "Printing update finish log"
        }
      ]
    },
    "upgrade": {
      "start": [
        {
          "label": "Print upgrade start log",
          "type": "io/print",
          "text": "Printing upgrade start log"
        }
      ],
      "upgrade/pre": [
        {
          "label": "Print upgrade pre task log",
          "type": "io/print",
          "text": "Printing upgrade pre task log"
        }
      ],
      "upgrade/post": [
        {
          "label": "Print upgrade post task log",
          "type": "io/print",
          "text": "Printing upgrade post task log"
        }
      ],
      "upgrade/finalize": [
        {
          "label": "Print upgrade finalize task log",
          "type": "io/print",
          "text": "Printing upgrade finalize task log"
        }
      ],
      "finish": [
        {
          "label": "Print upgrade finish log",
          "type": "io/print",
          "text": "Printing upgrade finish log"
        }
      ]
    },
    "restart": {
      "start": [
        {
          "label": "Print restart start log",
          "type": "io/print",
          "text": "Printing restart start log"
        }
      ],
      "restart/pre": [
        {
          "label": "Print restart pre task log",
          "type": "io/print",
          "text": "Printing restart pre task log"
        }
      ],
      "restart/post": [
        {
          "label": "Print restart post task log",
          "type": "io/print",
          "text": "Printing restart post task log"
        }
      ],
      "restart/finalize": [
        {
          "label": "Print restart finalize task log",
          "type": "io/print",
          "text": "Printing restart finalize task log"
        }
      ],
      "finish": [
        {
          "label": "Print restart finish log",
          "type": "io/print",
          "text": "Printing restart finish log"
        }
      ]
    },
    "uninstall": {
      "start": [
        {
          "label": "Print uninstall start log",
          "type": "io/print",
          "text": "Printing uninstall start log"
        }
      ],
      "uninstall/pre": [
        {
          "label": "Print uninstall pre task log",
          "type": "io/print",
          "text": "Printing uninstall pre task log"
        }
      ],
      "uninstall/post": [
        {
          "label": "Print uninstall post task log",
          "type": "io/print",
          "text": "Printing uninstall post task log"
        }
      ],
      "uninstall/finalize": [
        {
          "label": "Print uninstall finalize task log",
          "type": "io/print",
          "text": "Printing uninstall finalize task log"
        }
      ],
      "finish": [
        {
          "label": "Print uninstall finish log",
          "type": "io/print",
          "text": "Printing uninstall finish log"
        }
      ]
    }
  }
}
