{
  "data": {
    "serviceName": "spark-history",
    "version": "13.1.0",
    "model": "default",
    "description": "Spark History server k8s",
    "framework": false,
    "args": [
      "/sbin/history-server-service.sh"
    ],
    "highAvailability": true,
    "permissions": {
      "enabled": true,
      "policies": [
        "K8sApplicationRole(id ${Application.name})"
      ]
    },
    "healthChecks": {
      "tcp": [],
      "http": [
        {
          "secure": true,
          "path": "/",
          "gracePeriodSeconds": 5,
          "intervalSeconds": 15,
          "timeoutSeconds": 10,
          "maxConsecutiveFailures": 25,
          "ignoreHttp1xx": false
        }
      ],
      "command": []
    },
    "networking": {
      "expose": [
        {
          "portIndex": 0,
          "path": "${historyServerIngressPath}",
          "vhost": "${haproxyHost}",
          "redirectHttpToHttps": true,
          "sticky": false,
          "external": true,
          "includePortName": false,
          "schema": "https",
          "nginx.ingress.kubernetes.io/proxy-redirect-from": "https://${haproxyHost}${historyServerIngressPath}",
          "nginx.ingress.kubernetes.io/proxy-redirect-to": "/${Application.name}${historyServerIngressPath}",
          "nginx.ingress.kubernetes.io/backend-protocol": "HTTPS",
          "vaultCertificatesPath": "userland/certificates/${Application.id}"
        }
      ],
      "network": {
        "networkType": "user",
        "ports": [
          {
            "containerPort": 8000,
            "name": "ssl"
          },
          {
            "protocol": "tcp",
            "name": "metrics",
            "labels": {
              "metrics_path": "/metrics/prometheus"
            },
            "containerPort": 4080
          }
        ],
        "requirePorts": false
      }
    },
    "container": {
      "runners": [
        {
          "id": "com.stratio.tais.persistence.model.service.container.DockerRunner",
          "typeClass": "com.stratio.tais.persistence.model.service.container.DockerRunner",
          "image": "${eos.dockerRegistry}/stratio-spark:3.1.1-1.7.1",
          "forcePullImage": false,
          "privileged": false,
          "parameters": [
            {
              "key": "user",
              "value": "root"
            }
          ]
        }
      ],
      "volumes": [
        {
          "type": "mappedVolume",
          "containerPath": "/etc/krb5.conf",
          "map": "${kerberosConfigMap}",
          "key": "krb5.conf",
          "mode": "READ_ONLY"
        },
        {
          "type": "mappedVolume",
          "containerPath": "/etc/hadoop/core-site.xml",
          "map": "${hadoopConfigMap}",
          "key": "core-site.xml",
          "mode": "READ_ONLY"
        },
        {
          "type": "mappedVolume",
          "containerPath": "/etc/hadoop/hdfs-site.xml",
          "map": "${hadoopConfigMap}",
          "key": "hdfs-site.xml",
          "mode": "READ_ONLY"
        }
      ]
    },
    "secrets": {
      "appRole": "role",
      "secretRole": "${approlename}"
    },
    "sso": {
      "clientId": "${serviceId}-oauth-id",
      "name": "${Application.name}",
      "secretPath": "userland/passwords/${Application.id}/oauthinfo",
      "serviceId": "https://${haproxyHost}/${Application.name}${historyServerIngressPath}/login/"
    },
    "prerequisites": [
      {
        "type": "prerequisiteInfo",
        "title": "Secrets (Service identity)",
        "description": "Checkout all the secrets used by History-Server in our documentation, this is automatically handled by Command Center on the deployment. "
      },
      {
        "type": "prerequisiteInfo",
        "title": "Vault role (Service identity)",
        "description": "A Vault role with the correct permissions is needed to access secret used by History-Server. In order to apply the correct permissions to the role check the secrets paths in our documentation. Please set the value in General > Service Identity > 'Vault role'."
      }
    ],
    "dependencies": [
      {
        "id": "hdfsConnectionDB",
        "title": "HDFS used for connection",
        "query": "service: ((?i)(HDFS))",
        "required": false,
        "extended": false
      }
    ]
  },
  "parameters": {
    "type": "object",
    "additionalProperties": false,
    "properties": {
      "general": {
        "type": "object",
        "additionalProperties": false,
        "ui": null,
        "name": "general",
        "title": "General",
        "description": "General",
        "properties": {
          "serviceId": {
            "description": "Service ID of the Service",
            "type": "string",
            "required": true,
            "readOnly": false,
            "ui": {
              "updatable": false
            },
            "application": true,
            "internalName": "SERVICE_ID",
            "examples": [
              "spark-history"
            ],
            "title": "Service Name",
            "default": "spark-history"
          },
          "appname": {
            "description": "Application name.",
            "type": "string",
            "required": true,
            "readOnly": false,
            "application": false,
            "level": 2,
            "internalName": "APPNAME",
            "ui": {
              "updatable": false
            },
            "default": "${Application.id}",
            "title": "APPNAME"
          },
          "executePrerequisites": {
            "description": "Whether to execute prerequisites automatically for this Spark History Server instance.",
            "type": "boolean",
            "required": false,
            "readOnly": false,
            "application": true,
            "internalName": "PREREQUISITES",
            "ui": {
              "updatable": true
            },
            "title": "Execute HDFS prerequisites",
            "default": true
          },
          "haproxyHost": {
            "description": "This is the external hostname exposed in k8s and accesible by our users.",
            "type": "string",
            "minimum": 1,
            "required": true,
            "readOnly": false,
            "application": false,
            "level": 1,
            "internalName": "HAPROXY_HOST",
            "ui": {
              "updatable": true
            },
            "default": "spark.${tenantId}.${external_domain}",
            "title": "Virtual Host"
          },
          "external": {
            "type": "object",
            "additionalProperties": false,
            "ui": {
              "component": "standard"
            },
            "name": "external",
            "title": "External configuration (HDFS)",
            "description": "Section to configure external configuration",
            "properties": {
              "hadoopConfigMap": {
                "description": "Hadoop config map",
                "type": "string",
                "required": false,
                "readOnly": false,
                "application": false,
                "level": 1,
                "internalName": "SPARK_HADOOP_CONFIGMAP",
                "title": "Hadoop config map",
                "default": "${hdfsConnectionDB.host.default}-${hdfsConnectionDB.namespace}-config"
              },
              "kerberosConfigMap": {
                "description": "Kerberos config map",
                "type": "string",
                "required": false,
                "readOnly": false,
                "application": false,
                "level": 1,
                "internalName": "SPARK_KERBEROS_CONFIGMAP",
                "ui": {
                  "updatable": false
                },
                "title": "Kerberos config map",
                "default": "keos-kerberos-config"
              },
              "sparkSecuritySSOEnable": {
                "description": "Enable SSO",
                "type": "boolean",
                "required": false,
                "readOnly": false,
                "application": false,
                "level": 2,
                "internalName": "SPARK_SECURITY_SSO_ENABLE",
                "ui": {
                  "updatable": false
                },
                "title": "Enable SSO",
                "default": true
              },
              "sparkSecuritySSOJwtToken": {
                "description": "Jwt Token Vault Path",
                "type": "string",
                "required": false,
                "readOnly": false,
                "application": false,
                "level": 2,
                "internalName": "SPARK_SECURITY_SSO_JWT_TOKEN_VAULT_PATH",
                "ui": {
                  "updatable": false
                },
                "title": "Jwt Token Vault Path",
                "default": "/v1/userland/passwords/${Application.id}/jwt_secret"
              },
              "sparkSecuritySSOOauth": {
                "description": "Oauth Vault Path",
                "type": "string",
                "required": false,
                "readOnly": false,
                "application": false,
                "level": 2,
                "internalName": "SPARK_SECURITY_SSO_OAUTH_VAULT_PATH",
                "ui": {
                  "updatable": false
                },
                "title": "Oauth Vault Path",
                "default": "/v1/userland/passwords/${Application.id}/oauthinfo"
              },
              "sparkSecuritySSOAuthorizeUrl": {
                "description": "Oauth Authorize Url",
                "type": "string",
                "required": true,
                "readOnly": false,
                "application": false,
                "level": 2,
                "internalName": "SPARK_SECURITY_SSO_AUTHORIZE_URL",
                "ui": {
                  "updatable": false
                },
                "title": "Oauth Authorize Url",
                "default": "${globals.sso.urlAuthorize}"
              },
              "sparkSecuritySSOAccessTokenUrl": {
                "description": "Oauth Access Token Url",
                "type": "string",
                "required": true,
                "readOnly": false,
                "application": false,
                "level": 2,
                "internalName": "SPARK_SECURITY_SSO_ACCESS_TOKEN_URL",
                "ui": {
                  "updatable": false
                },
                "title": "Oauth Access Token Url",
                "default": "${globals.sso.accessToken}"
              },
              "sparkSecuritySSOCallbackUrl": {
                "description": "Oauth Callback Url",
                "type": "string",
                "required": false,
                "readOnly": false,
                "application": false,
                "level": 2,
                "internalName": "SPARK_SECURITY_SSO_CALLBACK_URL",
                "ui": {
                  "updatable": false
                },
                "title": "Oauth Access Token Url",
                "default": "https://${haproxyHost}/${Application.name}${historyServerIngressPath}/login/"
              },
              "sparkSecuritySSOProfileUrl": {
                "description": "SSO Profile URL",
                "type": "string",
                "required": true,
                "readOnly": false,
                "application": false,
                "level": 2,
                "internalName": "SPARK_SECURITY_SSO_PROFILE_URL",
                "ui": {
                  "updatable": false
                },
                "title": "SSO Profile URL",
                "default": "${globals.sso.profile}"
              },
              "sparkSecurityDatastoreEnable": {
                "description": "Enable TLS",
                "type": "boolean",
                "required": false,
                "readOnly": false,
                "application": false,
                "level": 2,
                "internalName": "SPARK_SECURITY_DATASTORE_ENABLE",
                "ui": {
                  "updatable": false
                },
                "title": "Enable TLS",
                "default": true
              },
              "sparkSecurityDatastoreVaultKeyPass": {
                "description": "Vault path with Keystore password",
                "type": "string",
                "required": false,
                "readOnly": false,
                "application": false,
                "level": 2,
                "internalName": "SPARK_SECURITY_DATASTORE_VAULT_KEY_PASS_PATH",
                "ui": {
                  "updatable": false
                },
                "title": "Vault path with Keystore password",
                "default": "/v1/userland/passwords/${Application.id}/keystore"
              },
              "sparkSecurityDatastoreVaultCertPass": {
                "description": "Vault path with certificate password",
                "type": "string",
                "required": false,
                "readOnly": false,
                "application": false,
                "level": 2,
                "internalName": "SPARK_SECURITY_DATASTORE_VAULT_CERT_PASS_PATH",
                "ui": {
                  "updatable": false
                },
                "title": "Vault path with certificate password",
                "default": "/v1/userland/passwords/${Application.id}/keystore"
              },
              "sparkSecurityDatastoreVaultCertPath": {
                "description": "Vault path with certificate",
                "type": "string",
                "required": false,
                "readOnly": false,
                "application": false,
                "level": 2,
                "internalName": "SPARK_SECURITY_DATASTORE_VAULT_CERT_PATH",
                "ui": {
                  "updatable": false
                },
                "title": "Vault path with certificate",
                "default": "/v1/userland/certificates/${Application.id}"
              },
              "historyServerLogDir": {
                "description": "Base directory to look for spark events in HDFS. Note that this directory must exist before installing this package. This directory is the same that you use in eventLogger in your jobs.",
                "type": "string",
                "required": true,
                "readOnly": false,
                "application": true,
                "level": 1,
                "internalName": "HISTORY_SERVER_LOG_DIR_AUX",
                "ui": {
                  "updatable": false
                },
                "title": "Logs path",
                "examples": [
                  "/tmp/logs/history"
                ],
                "default": "/tmp/logs/history"
              },
              "historyServerLogDirComplete": {
                "description": "Base directory to look for spark events in HDFS. Note that this directory must exist before installing this package. This directory is the same that you use in eventLogger in your jobs.",
                "type": "string",
                "required": true,
                "readOnly": false,
                "application": false,
                "level": 2,
                "internalName": "HISTORY_SERVER_LOG_DIR",
                "ui": {
                  "updatable": false
                },
                "title": "Logs path",
                "default": "${historyServerLogDirPrefix}${historyServerLogDir}"
              }
            },
            "required": []
          },
          "identity": {
            "type": "object",
            "additionalProperties": false,
            "ui": {
              "component": "standard"
            },
            "name": "identity",
            "title": "Service Identity",
            "description": "Section to configure identity of service",
            "properties": {
              "approlename": {
                "description": "Vault Role. This parameter is used for connecting to VAULT and take the frameworks secrets.",
                "type": "string",
                "maxLength": 100,
                "minLength": 3,
                "required": true,
                "ui": {
                  "updatable": false
                },
                "readOnly": false,
                "application": false,
                "level": 1,
                "internalName": "VAULT_ROLE",
                "title": "Vault role",
                "default": "${Application.domain}-${Application.name}"
              }
            }
          },
          "resources": {
            "type": "object",
            "additionalProperties": false,
            "ui": {
              "component": "accordion"
            },
            "name": "resources",
            "title": "Resources",
            "description": "",
            "properties": {
              "INSTANCES": {
                "description": "Instances for the service",
                "type": "number",
                "minimum": 0,
                "required": true,
                "readOnly": false,
                "application": true,
                "level": 1,
                "internalName": "INSTANCES",
                "title": "Instances",
                "default": 1
              },
              "CPUs": {
                "description": "CPUs for the service",
                "type": "number",
                "required": true,
                "readOnly": false,
                "application": true,
                "level": 1,
                "internalName": "CPUs",
                "title": "CPUs",
                "default": 1
              },
              "MEM": {
                "description": "Memory for the service",
                "type": "number",
                "required": true,
                "readOnly": false,
                "application": true,
                "level": 1,
                "internalName": "MEM",
                "title": "Memory (MB)",
                "default": 1024
              },
              "DISK": {
                "description": "Disk for the service",
                "type": "number",
                "required": true,
                "readOnly": false,
                "application": true,
                "level": 2,
                "internalName": "DISK",
                "title": "Disk",
                "default": 0
              },
              "GPUs": {
                "description": "GPUs for the service",
                "type": "number",
                "required": false,
                "readOnly": false,
                "application": true,
                "level": 2,
                "internalName": "GPUs",
                "title": "GPUs",
                "default": 0
              }
            },
            "required": [
              "INSTANCES",
              "CPUs",
              "MEM",
              "DISK"
            ]
          }
        },
        "required": [
          "serviceId",
          "networkName"
        ]
      },
      "settings": {
        "type": "object",
        "additionalProperties": false,
        "ui": null,
        "name": "settings",
        "title": "Settings",
        "description": "Settings",
        "properties": {
          "applicationWebProxyBase": {
            "description": "The app name for Spark History Server.",
            "type": "string",
            "required": true,
            "readOnly": false,
            "application": false,
            "level": 2,
            "internalName": "APPLICATION_WEB_PROXY_BASE",
            "ui": {
              "updatable": false
            },
            "title": "Application web proxy base",
            "default": "/${Application.name}${historyServerIngressPath}"
          },
          "sparkHistoryOpts": {
            "description": "Specifies whether Spark History Server should periodically clean up event logs from storage.",
            "type": "string",
            "required": true,
            "readOnly": false,
            "application": false,
            "level": 1,
            "internalName": "SPARK_HISTORY_OPTS",
            "ui": {
              "updatable": true
            },
            "title": "Spark history options",
            "default": "-Dspark.history.fs.cleaner.enabled=false -Dspark.history.fs.cleaner.interval=1d -Dspark.history.fs.cleaner.maxAge=7d"
          },
          "hdfs": {
            "type": "object",
            "additionalProperties": false,
            "ui": {
              "component": "switch"
            },
            "name": "hdfs",
            "title": "Hdfs",
            "description": "Hdfs",
            "properties": {
              "sparkSecurityKerberosEnable": {
                "description": "Kerberos security enabled",
                "type": "boolean",
                "required": false,
                "readOnly": false,
                "application": false,
                "level": 1,
                "internalName": "SPARK_SECURITY_KERBEROS_ENABLE",
                "ui": {
                  "updatable": false
                },
                "title": "Security kerberos enable",
                "default": true
              },
              "sparkSecurityKerberosVaultPath": {
                "description": "Vault path to retrieve Kerberos secrets",
                "type": "string",
                "required": false,
                "readOnly": false,
                "application": false,
                "level": 1,
                "internalName": "SPARK_SECURITY_KERBEROS_VAULT_PATH",
                "ui": {
                  "visible": {
                    "sparkSecurityKerberosEnable": true
                  },
                  "updatable": false
                },
                "title": "Security kerberos vault path",
                "default": "/v1/userland/kerberos/${Application.id}"
              },
              "sparkTenantName": {
                "description": "Set the tenant which owns this service.",
                "type": "string",
                "required": true,
                "readOnly": false,
                "application": false,
                "level": 2,
                "internalName": "TENANT",
                "ui": {
                  "updatable": false
                },
                "title": "Tenant",
                "default": "${tenantId}"
              },
              "prometheusMetricsEnable": {
                "description": "Allow metrics to be send to Prometheus",
                "type": "boolean",
                "required": false,
                "readOnly": false,
                "application": false,
                "level": 1,
                "internalName": "SPARK_PROMETHEUS_METRICS_ENABLED",
                "title": "Prometheus metrics enable",
                "default": false
              },
              "prometheusJvmSources": {
                "description": "Enable JVM & System sources in metrics",
                "type": "boolean",
                "required": false,
                "readOnly": false,
                "application": false,
                "level": 1,
                "internalName": "SPARK_PROMETHEUS_METRICS_SYSTEM_SOURCES",
                "title": "Prometheus JVM & System sources",
                "ui": {
                  "visible": {
                    "prometheusMetricsEnable": true
                  }
                },
                "default": true
              },
              "sourcesWhitelistPrometheus": {
                "description": "Metrics whitelist to expose in Prometheus format",
                "type": "string",
                "required": false,
                "readOnly": false,
                "application": false,
                "level": 1,
                "internalName": "SPARK_PROMETHEUS_METRICS_WHITELIST",
                "title": "Prometheus Metrics Whitelist",
                "ui": {
                  "visible": {
                    "prometheusMetricsEnable": true
                  }
                },
                "enum": [
                  "jvm",
                  "jvm,System"
                ],
                "default": "jvm,System"
              }
            },
            "required": [
              "sparkTenantName"
            ]
          },
          "historyServerLogDirPrefix": {
            "description": "Prefix for base directory to look for spark events in HDFS",
            "type": "string",
            "required": true,
            "readOnly": false,
            "application": true,
            "level": 1,
            "internalName": "HISTORY_SERVER_LOG_DIR_PREFIX",
            "ui": {
              "updatable": false
            },
            "title": "Logs path prefix",
            "default": "hdfs://"
          }
        },
        "required": [
          "applicationWebProxyBase",
          "sparkHistoryOpts"
        ]
      },
      "environment": {
        "type": "object",
        "additionalProperties": false,
        "ui": null,
        "name": "environment",
        "title": "Environment",
        "description": "Environment",
        "properties": {
          "vaultProtocol": {
            "description": "Vault protocol",
            "type": "string",
            "required": false,
            "readOnly": true,
            "application": false,
            "level": 2,
            "internalName": "VAULT_PROTOCOL",
            "ui": {
              "updatable": false
            },
            "title": "Vault protocol",
            "default": "https"
          },
          "vaultHosts": {
            "description": "Vault hosts",
            "type": "string",
            "required": false,
            "readOnly": true,
            "application": false,
            "level": 1,
            "internalName": "VAULT_HOSTS",
            "ui": {
              "updatable": false
            },
            "title": "Vault hosts",
            "default": "${globals.vault.vaultHost}"
          },
          "vaultPort": {
            "description": "Vault port. Example: 8200",
            "type": "integer",
            "minimum": 1,
            "required": false,
            "readOnly": true,
            "application": false,
            "level": 1,
            "internalName": "VAULT_PORT",
            "ui": {
              "updatable": false
            },
            "title": "Vault port",
            "default": "${globals.vault.vaultPort}"
          },
          "hadoopConfDir": {
            "description": "Hadoop Conf Dir",
            "type": "string",
            "required": false,
            "readOnly": true,
            "application": false,
            "level": 1,
            "internalName": "HADOOP_CONF_DIR",
            "ui": {
              "updatable": false
            },
            "title": "HADOOP_CONF_DIR",
            "default": "/etc/hadoop"
          },
          "uiPort": {
            "description": "History Server Port",
            "type": "integer",
            "required": false,
            "readOnly": true,
            "application": false,
            "level": 1,
            "internalName": "PORT0",
            "ui": {
              "updatable": false
            },
            "title": "uiPort",
            "default": 8000
          },
          "uiPortSsl": {
            "description": "History Server Port SSL",
            "type": "integer",
            "required": false,
            "readOnly": true,
            "application": false,
            "level": 1,
            "internalName": "PORT_SSL",
            "ui": {
              "updatable": false
            },
            "title": "uiPortSsl",
            "default": 8000
          },
          "historyServerIngressPath": {
            "description": "History server k8s ingress path",
            "type": "string",
            "required": false,
            "readOnly": true,
            "application": false,
            "level": 2,
            "internalName": "HISTORY_SERVER_K8S_INGRESS_PATH",
            "ui": {
              "updatable": false
            },
            "title": "History server k8s ingress path",
            "default": "/history-server"
          }
        },
        "required": []
      }
    }
  },
  "lifecycles": {
    "install": {
      "start": [
        {
          "type": "core/disable",
          "tag": "gosec-register",
          "enabled": "false"
        },
        {
          "name": "passwordPath",
          "label": "Create Password Path",
          "type": "core/var",
          "value": "userland/passwords/${Application.id}"
        },
        {
          "label": "Password Keystore",
          "type": "secret/password",
          "path": "${passwordPath}",
          "secretName": "keystore",
          "password": "${randomString(20)}"
        },
        {
          "label": "Password JWT",
          "type": "secret/password",
          "path": "${passwordPath}",
          "secretName": "jwt_secret",
          "password": "${randomString(20)}"
        },
        {
          "label": "Password Oauth",
          "type": "secret/password",
          "path": "${passwordPath}",
          "secretName": "oauthinfo",
          "user": "${serviceId}-oauth-id",
          "password": "${randomString(10)}"
        },
        {
          "type": "secret/certificate",
          "label": "Creating certificate",
          "path": "/userland/certificates/${Application.id}",
          "secretName": "${Application.id}",
          "commonName": "${Application.id}",
          "altNames": "TODO"
        },
        {
          "type": "kubernetes/customresource/create",
          "apiVersion": "secrets.stratio.com/v1",
          "kind": "SecretsIdentity",
          "plural": "SecretsIdentities",
          "name": "${Application.name}",
          "namespace": "${Application.domain}",
          "spec": "{\"bundles\":[\"${Application.name}\"],\"subject\":{\"kind\":\"ServiceAccount\",\"name\":\"${Application.name}\",\"namespace\":\"${Application.domain}\"}}",
          "enabled": "true"
        },
        {
          "type": "secret/keytab",
          "label": "Creating keytab",
          "path": "/userland/kerberos/${Application.id}",
          "secretName": "${Application.id}",
          "principal": "${Application.id}",
          "realm": "${globals.kerberos.realm}"
        },
        {
          "type": "gosec/users/create",
          "users": [
            "GosecUser(id ${Application.id}, name ${Application.id}, email ${Application.id}@stratio.com)"
          ],
          "enabled": "true"
        },
        {
          "type": "gosec/policies/create",
          "name": "${Application.id}_acl_hdfs",
          "groups": [],
          "users": [
            "${Application.id}"
          ],
          "tid": "${tenantId}",
          "services": [
            {
              "serviceType": "hdfs",
              "instances": [
                {
                  "sid": "${hdfsConnectionDB.host.default}.${hdfsConnectionDB.namespace}",
                  "acls": [
                    "ACL(resourceType file, name ${historyServerLogDir}, actionsAllow [Read, Write, Delete, Execute], actionsDeny [], recursive true)"
                  ]
                }
              ]
            }
          ],
          "enabled": "${executePrerequisites}"
        }
      ]
    }
  }
}
