{
  "data": {
    "serviceName": "abstract-search-engine",
    "model": "parent",
    "version": "13.2.0",
    "description": "Abstract parent descriptor",
    "abstract": true,
    "framework": false,
    "highAvailability": false,
    "container": {
      "runners": [
        {
          "id": "com.stratio.tais.persistence.model.service.container.DockerRunner",
          "typeClass": "com.stratio.tais.persistence.model.service.container.DockerRunner",
          "image": "${dockerImage}",
          "forcePullImage": false,
          "privileged": false
        }
      ]
    },
    "healthChecks": {
      "tcp": [],
      "http": [],
      "command": []
    },
    "networking": {
      "expose": [
        {
          "id": "searcher",
          "portIndex": 0,
          "vhost": "${searcherServerHost}",
          "path": "",
          "redirectHttpToHttps": false,
          "includePortName": false,
          "sticky": false,
          "external": true,
          "schema": "https",
          "nginx.ingress.kubernetes.io/auth-signin": "https://${searcherServerHost}/oauth2/start?rd=$escaped_request_uri",
          "nginx.ingress.kubernetes.io/auth-url": "https://${oauth2ProxyHost}/oauth2/auth",
          "nginx.ingress.kubernetes.io/rewrite-target": "/$2",
          "nginx.ingress.kubernetes.io/auth-tls-verify-client": "optional",
          "nginx.ingress.kubernetes.io/backend-protocol": "HTTPS"
        }
      ],
      "network": {
        "networkType": "user",
        "ports": [
          {
            "id": "port1",
            "servicePort": 0,
            "protocol": "tcp",
            "name": "service",
            "labels": {},
            "containerPort": 8080
          },
          {
            "id": "port2",
            "servicePort": 0,
            "protocol": "tcp",
            "name": "metrics",
            "labels": {
              "metrics_path": "/actuator/prometheus"
            },
            "containerPort": 8090
          }
        ],
        "requirePorts": false
      }
    },
    "secrets": {
      "appRole": "role",
      "secretRole": "${approlename}"
    },
    "permissions": {
      "enabled": true,
      "policies": [
        "K8sApplicationRole(id ${Application.name})"
      ]
    },
    "dependencies": [
      {
        "id": "ElasticSearch",
        "title": "ElasticSearch to be discovered",
        "query": "service: ((?i)(opendistro) OR (?i)(elasticsearch) OR (?i)(elastic))",
        "required": true,
        "extended": false
      }
    ],
    "sso": {
      "name": "${Application.id}",
      "clientId": "${Application.id}-oauth-id",
      "serviceId": "https://${searcherServerHost}/${Application.id}/login",
      "secretPath": "userland/passwords/${Application.id}/oauthinfo"
    }
  },
  "parameters": {
    "type": "object",
    "additionalProperties": false,
    "properties": {
      "general": {
        "type": "object",
        "additionalProperties": false,
        "ui": null,
        "name": "general",
        "title": "General",
        "description": "General",
        "properties": {
          "serviceId": {
            "description": "Service ID of the Service",
            "type": "string",
            "pattern": "^[a-z]([-a-z0-9]*[a-z0-9])?$",
            "maxLength": 55,
            "minLength": 1,
            "level": 1,
            "required": true,
            "readOnly": false,
            "application": true,
            "internalName": "SERVICE_ID",
            "title": "Service ID",
            "default": "se-manager"
          },
          "serviceIdName": {
            "description": "Service name of the Service",
            "type": "string",
            "maxLength": 55,
            "minLength": 1,
            "level": 1,
            "required": true,
            "readOnly": true,
            "application": true,
            "internalName": "SERVICE_ID_NAME",
            "title": "Service Name",
            "ui": {
              "updatable": false
            },
            "default": "se-manager"
          },
          "appname": {
            "description": "Unique identifier for the app consisting of a series of names separated by dashes. Each name must be at least 1 character and may only contain digits (0-9), dashes (-) and lowercase letters (a-z). The name may not begin with a digit or a dash or end with a dash.",
            "type": "string",
            "maxLength": 55,
            "required": true,
            "readOnly": true,
            "pattern": "^[a-z]([-a-z0-9]*[a-z0-9])?$",
            "application": false,
            "level": 2,
            "internalName": "SERVICE_NAME",
            "examples": [
              "se-manager"
            ],
            "ui": {
              "updatable": false
            },
            "title": "Service Name",
            "default": "${Application.id}"
          },
          "backWardCompatibility": {
            "description": "Mesos compatibility for springframework.cloud.sleuth and some more",
            "type": "string",
            "maxLength": 55,
            "required": true,
            "readOnly": true,
            "pattern": "^[a-z]([-a-z0-9]*[a-z0-9])?$",
            "application": false,
            "level": 2,
            "internalName": "MARATHON_APP_ID",
            "examples": [],
            "ui": {
              "updatable": false
            },
            "default": "${Application.id}"
          },
          "swaggerBasePath": {
            "description": "Swagger BasePath",
            "type": "string",
            "required": true,
            "readOnly": true,
            "application": false,
            "level": 2,
            "internalName": "SWAGGER_BASEPATH",
            "examples": [],
            "ui": {
              "updatable": false
            },
            "title": "Swagger BasePath",
            "default": "/${Application.name}"
          },
          "executePrerequisites": {
            "description": "Whether to execute prerequisites automatically for this instance.",
            "type": "boolean",
            "required": true,
            "readOnly": false,
            "application": true,
            "internalName": "PREREQUISITES",
            "ui": {
              "updatable": false
            },
            "title": "Execute prerequisites",
            "default": true
          },
          "approlename": {
            "application": false,
            "description": "App role used to recover a Vault token with a pre-defined policy",
            "default": "${Application.domain}-${Application.name}",
            "internalName": "VAULT_ROLE",
            "level": 1,
            "readOnly": false,
            "required": true,
            "title": "Vault role",
            "type": "string",
            "ui": {
              "updatable": false
            }
          },
          "useDynamicAuthentication": {
            "description": "Enable dynamic authentication.",
            "type": "boolean",
            "readOnly": true,
            "application": false,
            "level": 2,
            "internalName": "USE_DYNAMIC_AUTHENTICATION",
            "title": "Dynamic authentication",
            "default": true
          },
          "backwardCompatibilityApprolename": {
            "application": false,
            "description": "App role used to recover a Vault token with a pre-defined policy",
            "default": "${Application.domain}-${Application.name}",
            "internalName": "APPROLENAME",
            "level": 2,
            "readOnly": false,
            "required": true,
            "title": "Vault role",
            "type": "string",
            "ui": {
              "updatable": false
            }
          },
          "oauth2ProxyHost": {
            "description": "Oauth2 proxy internal hostname.",
            "type": "string",
            "required": true,
            "readOnly": true,
            "level": 2,
            "application": true,
            "internalName": "OAUTH2_PROXY_HOSTNAME",
            "ui": {
              "updatable": false
            },
            "title": "Oauth2 proxy internal hostname",
            "default": "oauth2-proxy.keos-auth.svc.${eos.internalDomain}"
          },
          "vaultProtocol": {
            "application": false,
            "description": "Vault Protocol",
            "internalName": "VAULT_PROTOCOL",
            "level": 2,
            "readOnly": false,
            "required": true,
            "title": "Vault protocol",
            "type": "string",
            "default": "HTTPS",
            "ui": {
              "updatable": false
            }
          },
          "vaultEnabled": {
            "application": false,
            "description": "Vault Enable",
            "internalName": "VAULT_ENABLE",
            "level": 2,
            "readOnly": false,
            "required": true,
            "title": "Vault Enable",
            "type": "boolean",
            "default": true,
            "ui": {
              "updatable": false
            }
          },
          "externalAccess": {
            "type": "object",
            "additionalProperties": false,
            "ui": null,
            "name": "externalAccess",
            "title": "External Access",
            "description": "Expose the service, so the service can be accessed from outside the cluster",
            "properties": {
              "externalAccessEnabled": {
                "description": "Enable external access to the service // TODO: review. Is it being used??",
                "type": "boolean",
                "required": true,
                "readOnly": false,
                "application": false,
                "level": 1,
                "internalName": "NOT_USED",
                "ui": {
                  "updatable": false
                },
                "title": "Enable external access",
                "default": true
              },
              "searcherServerHost": {
                "description": "This is the external hostname exposed and accessible by users",
                "type": "string",
                "required": false,
                "readOnly": false,
                "application": false,
                "level": 1,
                "internalName": "VIRTUAL_HOST",
                "examples": [
                  "admin.k8s.seven.labs.stratio.com"
                ],
                "ui": {
                  "visible": {
                    "externalAccessEnabled": true
                  },
                  "updatable": false
                },
                "title": "URL host to access to your SE instance.",
                "default": "${admin_fqdn}"
              }
            }
          },
          "elasticsearch": {
            "type": "object",
            "additionalProperties": false,
            "ui": null,
            "name": "elasticsearch",
            "title": "Elasticsearch",
            "description": "",
            "properties": {
              "elasticsearchSslEnabled": {
                "description": "Whether or not (true/false) to enable elasticsearch TLS",
                "type": "boolean",
                "required": true,
                "readOnly": false,
                "application": false,
                "level": 1,
                "internalName": "ELASTICSEARCH_SSL_ENABLED",
                "ui": {
                  "updatable": true
                },
                "title": "Enable Elasticsearch TLS",
                "default": true
              },
              "elasticsearchServiceId": {
                "description": "Elasticsearch service ID",
                "type": "string",
                "required": true,
                "readOnly": false,
                "application": false,
                "level": 2,
                "default": "${ElasticSearch.host}.${ElasticSearch.namespace}",
                "internalName": "ELASTICSEARCH_SERVICE_ID",
                "ui": {
                  "updatable": true
                },
                "title": "Elasticsearch service ID"
              },
              "elasticsearchHAMode": {
                "description": "Elasticsearch HA mode. Use 'coordinator' for HA availability. 'cluster' will connect all Elastic services. Otherwise connect to single nodes",
                "type": "string",
                "required": true,
                "readOnly": false,
                "application": false,
                "level": 1,
                "internalName": "ELASTICSEARCH_HA_MODE",
                "ui": {
                  "updatable": true
                },
                "title": "Elasticsearch HA mode",
                "enum": [
                  "cluster",
                  "coordinator",
                  "data",
                  "master"
                ],
                "default": "cluster"
              },
              "moreElasticsearch": {
                "type": "object",
                "additionalProperties": false,
                "ui": {
                  "component": "show-more"
                },
                "name": "moreElasticsearch",
                "title": "",
                "description": "Section to configure Elasticsearch",
                "properties": {
                  "elasticsearchPhoneticPluginEnabled": {
                    "description": "Whether or not (true/false) to enable elasticsearch phonetic plugin",
                    "type": "boolean",
                    "required": true,
                    "readOnly": false,
                    "application": false,
                    "level": 1,
                    "internalName": "ELASTICSEARCH_PHONETIC_PLUGIN_ENABLED",
                    "ui": {
                      "updatable": true
                    },
                    "title": "Enable Elasticsearch phonetic plugin",
                    "default": true
                  }
                }
              }
            }
          },
          "resources": {
            "type": "object",
            "additionalProperties": false,
            "ui": {
              "component": "accordion"
            },
            "name": "resources",
            "title": "Resources",
            "description": "Resources",
            "properties": {
              "INSTANCES": {
                "description": "Instances for the service",
                "type": "number",
                "minimum": 0,
                "required": true,
                "readOnly": false,
                "application": true,
                "level": 1,
                "internalName": "INSTANCES",
                "title": "Instances",
                "default": 1
              },
              "CPUs": {
                "description": "CPUs for the service",
                "type": "number",
                "required": true,
                "readOnly": false,
                "application": true,
                "level": 1,
                "internalName": "CPUs",
                "title": "CPUs",
                "default": 0.5
              },
              "MEM": {
                "description": "Memory for the service",
                "type": "number",
                "required": true,
                "readOnly": false,
                "application": true,
                "level": 1,
                "internalName": "MEM",
                "title": "Memory (MB)",
                "default": 512
              },
              "DISK": {
                "description": "Disk for the service",
                "type": "number",
                "required": true,
                "readOnly": false,
                "application": true,
                "level": 2,
                "internalName": "DISK",
                "title": "Disk (MB)",
                "default": 0
              },
              "GPUs": {
                "description": "GPUs for the service",
                "type": "number",
                "required": true,
                "readOnly": false,
                "application": true,
                "level": 2,
                "internalName": "GPUs",
                "title": "GPUs",
                "default": 0
              },
              "moreResources": {
                "type": "object",
                "additionalProperties": false,
                "ui": {
                  "component": "show-more"
                },
                "name": "moreResources",
                "title": "",
                "description": "Section to configure JAVA_OPTS",
                "properties": {
                  "javaOpts": {
                    "description": "JAVA_OPTS",
                    "type": "string",
                    "readOnly": false,
                    "application": false,
                    "level": 1,
                    "internalName": "JAVA_OPTS",
                    "title": "JAVA_OPTS",
                    "default": "-Xms256m -Xmx256m"
                  }
                }
              }
            }
          }
        }
      },
      "settings": {
        "type": "object",
        "additionalProperties": false,
        "ui": null,
        "name": "settings",
        "title": "Settings",
        "description": "Settings",
        "properties": {
          "versionId": {
            "description": "Module Version",
            "type": "string",
            "required": true,
            "readOnly": true,
            "pattern": "",
            "application": true,
            "level": 1,
            "internalName": "VERSION_ID",
            "ui": {
              "updatable": false
            },
            "title": "Module Version",
            "default": "2.5.3"
          },
          "dockerImage": {
            "description": "Name of the docker image which is deployed",
            "type": "string",
            "required": true,
            "readOnly": true,
            "application": true,
            "level": 1,
            "internalName": "DOCKER_IMAGE",
            "title": "Docker image",
            "default": "${eos.dockerRegistry}/search-engine-manager:${versionId}"
          },
          "corsEnabled": {
            "description": "Whether or not (true/false) to enable CORS (cross-origin resource sharing)",
            "type": "boolean",
            "required": true,
            "readOnly": false,
            "application": false,
            "level": 1,
            "internalName": "CORS_ENABLED",
            "title": "Enable CORS requests (allow cross domain)",
            "default": true
          },
          "gzipEnabled": {
            "description": "Whether or not (true/false) to enable Tomcat gzip compression",
            "type": "boolean",
            "required": true,
            "readOnly": false,
            "application": false,
            "level": 1,
            "internalName": "GZIP_ENABLED",
            "title": "Enable GZIP (Tomcat compression)",
            "default": false
          },
          "logLog4jLevel": {
            "description": "Log level",
            "type": "string",
            "required": true,
            "readOnly": false,
            "application": false,
            "level": 1,
            "internalName": "LOG_LOG4J_LEVEL",
            "ui": {
              "updatable": true
            },
            "title": "Log level",
            "enum": [
              "DEBUG",
              "INFO",
              "WARN",
              "ERROR"
            ],
            "default": "INFO"
          },
          "searchEngineVersion": {
            "description": "Search Engine Version",
            "type": "string",
            "required": false,
            "readOnly": true,
            "application": false,
            "level": 2,
            "internalName": "SEARCH_ENGINE_VERSION",
            "ui": {
              "updatable": false
            },
            "title": "Search Engine Version",
            "default": "${versionId}"
          }
        }
      },
      "security": {
        "type": "object",
        "additionalProperties": false,
        "ui": null,
        "name": "security",
        "title": "Security",
        "description": "Security properties for secure connection and Mutual TLS for API interactions",
        "properties": {
          "httpsEnabled": {
            "description": "Whether or not enable microservice TLS (Tomcat)",
            "type": "boolean",
            "required": true,
            "readOnly": true,
            "application": false,
            "level": 1,
            "internalName": "HTTPS_ENABLED",
            "title": "Enable microservice TLS",
            "default": true
          },
          "mutualTlsEnabled": {
            "description": "Whether or not enable microservice mutual TLS (Tomcat)",
            "type": "boolean",
            "required": true,
            "readOnly": false,
            "application": false,
            "level": 1,
            "internalName": "MUTUAL_TLS_ENABLED",
            "title": "Enable microservice mutual TLS",
            "default": false
          },
          "mutualTlsCnWhitelist": {
            "description": "Comma-separated list of CNs that this microservice will admit",
            "type": "string",
            "required": false,
            "readOnly": false,
            "application": false,
            "level": 1,
            "internalName": "MUTUAL_TLS_CN_WHITELIST",
            "title": "Allowed services certificate CN (comma-separated list)",
            "default": "comma-separated-client-service-cns",
            "ui": {
              "updatable": true,
              "visible": {
                "mutualTlsEnabled": true
              }
            }
          },
          "tenantSecurityEnabled": {
            "description": "Whether or not enable Governance tenant security",
            "type": "boolean",
            "required": true,
            "readOnly": false,
            "application": false,
            "level": 1,
            "internalName": "TENANT_SECURITY_ENABLED",
            "title": "Enable Governance tenant security (Governance only)",
            "default": false
          },
          "jwtSecurityEnabled": {
            "description": "Whether or not to enable JWT validation",
            "type": "boolean",
            "required": true,
            "readOnly": false,
            "application": false,
            "level": 1,
            "internalName": "JWT_SECURITY_ENABLED",
            "title": "Enable JWT validation",
            "default": true
          },
          "securityOauthJwtInstance": {
            "description": "Security Oauth2 Jwt Instance.",
            "type": "string",
            "readOnly": true,
            "application": false,
            "level": 2,
            "internalName": "SECURITY_OAUTH2_JWT_INSTANCE",
            "title": "Security Oauth2 Jwt Instance",
            "default": "public"
          },
          "securityOauthJwtPath": {
            "description": "Security Oauth2 Jwt Path.",
            "type": "string",
            "readOnly": true,
            "application": false,
            "level": 2,
            "internalName": "SECURITY_OAUTH2_JWT_PATH",
            "title": "Security Oauth2 Jwt Instance",
            "default": "ingress-nginx-controller.keos-ingress/jwt-keys"
          },
          "securityOauthJwtCluster": {
            "description": "Security Oauth2 Jwt Cluster.",
            "type": "string",
            "readOnly": true,
            "application": false,
            "level": 2,
            "internalName": "SECURITY_OAUTH2_JWT_CLUSTER",
            "title": "Security Oauth2 Jwt Instance",
            "default": "userland"
          },
          "jwtKeyType": {
            "description": "Jwt Key Type.",
            "type": "string",
            "readOnly": true,
            "application": false,
            "level": 2,
            "internalName": "JWT_KEY_TYPE",
            "title": "Jwt Key Type",
            "default": "RS256"
          },
          "authCookieName": {
            "description": "Auth Cookie Name.",
            "type": "string",
            "readOnly": true,
            "application": false,
            "level": 2,
            "internalName": "AUTH_COOKIE_NAME",
            "title": "Auth Cookie Name",
            "default": "stratio-cookie"
          }
        }
      },
      "environment": {
        "type": "object",
        "additionalProperties": false,
        "ui": null,
        "name": "environment",
        "title": "Environment",
        "description": "environment",
        "properties": {
          "vault": {
            "type": "object",
            "additionalProperties": false,
            "ui": null,
            "name": "vault",
            "title": "Vault",
            "description": "vault",
            "properties": {
              "vaultHost": {
                "description": "Vault server",
                "type": "string",
                "readOnly": true,
                "application": false,
                "level": 1,
                "internalName": "VAULT_HOST",
                "title": "Vault host",
                "default": "${globals.vault.vaultHost}"
              },
              "vaultPort": {
                "description": "Port of vault server",
                "type": "number",
                "readOnly": true,
                "application": false,
                "level": 1,
                "internalName": "VAULT_PORT",
                "title": "Vault port",
                "default": "${globals.vault.vaultPort}"
              },
              "vaultPath": {
                "description": "Default Vault path to store the secrets.",
                "type": "string",
                "readOnly": true,
                "application": false,
                "level": 2,
                "internalName": "VAULT_PATH",
                "title": "Vault path",
                "default": "userland"
              }
            }
          }
        }
      }
    }
  },
  "lifecycles": {
    "install": {
      "start": [
        {
          "type": "core/disable",
          "tag": "gosec-register",
          "enabled": "false"
        },
        {
          "label": "Print install start log",
          "type": "io/print",
          "text": "Lifecycle: Install/start"
        },
        {
          "label": "ServiceId: ${serviceId}  -  ApplicationId: ${Application.id} - ApplicationName: ${Application.name} - Vault Role: ${Application.domain}-${Application.name} -  Tenant: ${tenantId}  -  Namespace: ${k8sNamespace}  -  ClusterId: ${cluster_id}  -  Admin FQDN: ${admin_fqdn} - domain-name: ${Application.domain}-${Application.name} ",
          "type": "io/print",
          "text": "ServiceId: ${serviceId}  -  ApplicationId: ${Application.id}  - Tenant: ${tenantId}  -  Namespace: ${k8sNamespace}  -  ClusterId: ${cluster_id}  -  Admin FQDN: ${admin_fqdn}"
        },
        {
          "label": "Init secrets creation log",
          "type": "io/print",
          "text": "------------- Instance secrets creation --------------"
        },
        {
          "label": "=> Secrets Creation during install: Creating instance certificate for ${Application.id}",
          "type": "secret/certificate",
          "path": "/userland/certificates/${Application.id}",
          "secretName": "${Application.id}",
          "commonName": "${Application.id}",
          "altNames": "${serviceId}-${k8sNamespace}, ${serviceId}-${k8sNamespace}.${k8sNamespace}, *.${k8sNamespace}"
        },
        {
          "label": "=> install_start_secretsCreation_cookieSecret: Creating cookie secret",
          "type": "secret/password",
          "path": "/userland/passwords/${Application.id}",
          "secretName": "keystore",
          "password": "${randomString(10)}"
        },
        {
          "label": "=> install_start_secretsCreation_cookieSecret: Creating cookie secret",
          "type": "secret/password",
          "path": "/userland/passwords/${Application.id}",
          "secretName": "truststore",
          "password": "${randomString(10)}"
        },
        {
          "label": "=> install_start_secretsCreation_ssoOauthPass: Password Oauth",
          "type": "secret/password",
          "path": "/userland/passwords/${Application.id}",
          "secretName": "oauthinfo",
          "user": "${Application.id}-oauth-id",
          "password": "${randomString(20)}"
        },
        {
          "label": "End secrets creation log",
          "type": "io/print",
          "text": "------------- End identity secrets creation --------------"
        },
        {
          "label": "Init gosec user creation log",
          "type": "io/print",
          "text": "------------- Init Gosec user ${Application.id} creation --------------",
          "enabled": "${executePrerequisites}"
        },
        {
          "type": "gosec/users/create",
          "users": [
            "GosecUser(id ${Application.id}, name ${Application.id}, email ${Application.id}@stratio.com), groups [searcher]"
          ],
          "enabled": "${executePrerequisites}"
        },
        {
          "label": "End gosec user creation log",
          "type": "io/print",
          "text": "------------- End Gosec user creation --------------",
          "enabled": "${executePrerequisites}"
        },
        {
          "type": "labels/upsert",
          "scope": "service,deployment",
          "labels": "[{\"key\":\"app.kubernetes.io/component\", \"value\":\"${Application.id}\"}]"
        },
        {
          "name": "prometheusIdentifierValue",
          "type": "core/var",
          "value": "${Application.id}_${randomString(10)}"
        },
        {
          "type": "labels/upsert",
          "scope": "service,deployment",
          "labels": "[{\"key\":\"governance-prometheus-selector\", \"value\":\"${prometheusIdentifierValue}\"}]"
        },
        {
          "type": "kubernetes/customresource/create",
          "apiVersion": "monitoring.coreos.com/v1",
          "kind": "PodMonitor",
          "name": "${tenantId}-${Application.id}",
          "namespace": "keos-metrics",
          "spec": "{\"podMetricsEndpoints\": [{\"interval\": \"5s\",\"port\": \"metrics\",\"path\": \"${apiMetricsPrometheusChroot}${apiMetricsPrometheusPath}\",\"scheme\": \"http\"}],\"namespaceSelector\": {\"matchNames\": [\"${Application.domain}\"]},\"selector\": {\"matchLabels\": {\"governance-prometheus-selector\": \"${prometheusIdentifierValue}\"}}}",
          "annotations": "{\"meta.helm.sh/release-name\": \"core-prometheus\", \"meta.helm.sh/release-namespace\": \"keos-metrics\"}",
          "labels": "{\"app\": \"kube-prometheus-stack-prometheus\", \"app.kubernetes.io/managed-by\": \"Helm\", \"chart\": \"kube-prometheus-stack-10.1.1\", \"heritage\": \"Helm\", \"release\": \"core-prometheus\"}",
          "enabled": "${apiMetricsPrometheusEnabled}"
        },
        {
          "type": "kubernetes/customresource/create",
          "apiVersion": "secrets.stratio.com/v1",
          "kind": "SecretsIdentity",
          "plural": "SecretsIdentities",
          "name": "${Application.name}",
          "namespace": "${Application.domain}",
          "spec": "{\"bundles\":[\"${Application.name}\",\"dg-bootstrap\",\"dg-businessglossary-api\"],\"subject\":{\"kind\":\"ServiceAccount\",\"name\":\"${Application.name}\",\"namespace\":\"${Application.domain}\"}}",
          "enabled": "true"
        },
        {
          "type": "kubernetes/customresource/create",
          "apiVersion": "secrets.stratio.com/v2beta1",
          "kind": "SecretsIdentity",
          "plural": "SecretsIdentities",
          "name": "${Application.name}",
          "namespace": "keos-ingress",
          "spec": "{\"bundles\":[{\"name\":\"ingress-nginx-controller\",\"passwords\":[{\"name\":\"jwt-keys\",\"subPath\":\"public\"}]}],\"subject\":{\"kind\":\"ServiceAccount\",\"name\":\"${Application.name}\",\"namespace\":\"${Application.domain}\"}}",
          "enabled": "true"
        },
        {
          "type": "switch",
          "expression": "${elasticsearchHAMode}",
          "cases": [
            {
              "key": "cluster",
              "tasks": [
                {
                  "name": "Application",
                  "type": "model/parameter/upsert",
                  "application": "#{Application}",
                  "parameterName": "elasticsearchNodes",
                  "internalName": "ELASTICSEARCH_NODES",
                  "value": "${ElasticSearch.host}.${ElasticSearch.namespace}:${ElasticSearch.port}"
                },
                {
                  "label": "Setting elasticsearch all cluster connection",
                  "type": "io/print",
                  "text": "-- Setting elasticsearch all cluster connection  --"
                }
              ]
            }
          ],
          "default": {
            "tasks": [
              {
                "name": "Application",
                "type": "model/parameter/upsert",
                "application": "#{Application}",
                "parameterName": "elasticsearchNodes",
                "internalName": "ELASTICSEARCH_NODES",
                "value": "${ElasticSearch.host}-${elasticsearchHAMode}.${ElasticSearch.namespace}:${ElasticSearch.port}"
              },
              {
                "label": "Setting elasticsearch single nodes connection",
                "type": "io/print",
                "text": "-- Setting elasticsearch single nodes connection  --"
              }
            ]
          }
        },
        {
          "type": "time/sleep",
          "millis": "5000"
        }
      ],
      "install/pre": [
        {
          "label": "Print install pre task log",
          "type": "io/print",
          "text": "Printing install pre task log"
        }
      ],
      "install/post": [
        {
          "label": "Print install post task log",
          "type": "io/print",
          "text": "Printing install post task log"
        }
      ],
      "install/finalize": [
        {
          "label": "Print install finalize task log",
          "type": "io/print",
          "text": "Printing install finalize task log"
        }
      ],
      "finish": [
        {
          "label": "Print install finish log",
          "type": "io/print",
          "text": "Printing install finish log"
        }
      ]
    },
    "update": {
      "start": [
        {
          "label": "Print update start log",
          "type": "io/print",
          "text": "Printing update start log"
        }
      ],
      "update/pre": [
        {
          "label": "Print update pre task log",
          "type": "io/print",
          "text": "Printing update pre task log"
        }
      ],
      "update/post": [
        {
          "label": "Print update post task log",
          "type": "io/print",
          "text": "Printing update post task log"
        }
      ],
      "update/finalize": [
        {
          "label": "Print update finalize task log",
          "type": "io/print",
          "text": "Printing update finalize task log"
        }
      ],
      "finish": [
        {
          "label": "Print update finish log",
          "type": "io/print",
          "text": "Printing update finish log"
        }
      ]
    },
    "upgrade": {
      "start": [
        {
          "label": "Print upgrade start log",
          "type": "io/print",
          "text": "Printing upgrade start log"
        }
      ],
      "upgrade/pre": [
        {
          "label": "Print upgrade pre task log",
          "type": "io/print",
          "text": "Printing upgrade pre task log"
        }
      ],
      "upgrade/post": [
        {
          "label": "Print upgrade post task log",
          "type": "io/print",
          "text": "Printing upgrade post task log"
        }
      ],
      "upgrade/finalize": [
        {
          "label": "Print upgrade finalize task log",
          "type": "io/print",
          "text": "Printing upgrade finalize task log"
        }
      ],
      "finish": [
        {
          "label": "Print upgrade finish log",
          "type": "io/print",
          "text": "Printing upgrade finish log"
        }
      ]
    },
    "restart": {
      "start": [
        {
          "label": "Print restart start log",
          "type": "io/print",
          "text": "Printing restart start log"
        }
      ],
      "restart/pre": [
        {
          "label": "Print restart pre task log",
          "type": "io/print",
          "text": "Printing restart pre task log"
        }
      ],
      "restart/post": [
        {
          "label": "Print restart post task log",
          "type": "io/print",
          "text": "Printing restart post task log"
        }
      ],
      "restart/finalize": [
        {
          "label": "Print restart finalize task log",
          "type": "io/print",
          "text": "Printing restart finalize task log"
        }
      ],
      "finish": [
        {
          "label": "Print restart finish log",
          "type": "io/print",
          "text": "Printing restart finish log"
        }
      ]
    },
    "uninstall": {
      "start": [
        {
          "label": "Print uninstall start log",
          "type": "io/print",
          "text": "Printing uninstall start log"
        }
      ],
      "uninstall/pre": [
        {
          "label": "Print uninstall pre task log",
          "type": "io/print",
          "text": "Printing uninstall pre task log"
        }
      ],
      "uninstall/post": [
        {
          "label": "Print uninstall post task log",
          "type": "io/print",
          "text": "Printing uninstall post task log"
        }
      ],
      "uninstall/finalize": [
        {
          "label": "Print uninstall finalize task log",
          "type": "io/print",
          "text": "Printing uninstall finalize task log"
        }
      ],
      "finish": [
        {
          "label": "Print uninstall finish log",
          "type": "io/print",
          "text": "Printing uninstall finish log"
        }
      ]
    }
  }
}
