{
  "data": {
    "serviceName": "search-engine",
    "model": "se-manager-default",
    "version": "13.2.0",
    "description": "The Manager API allows to index documents in Stratio Elasticsearch.",
    "highAvailability": false,
    "healthChecks": {
      "http": [
        {
          "gracePeriodSeconds": 60,
          "intervalSeconds": 20,
          "maxConsecutiveFailures": 3,
          "timeoutSeconds": 5,
          "delaySeconds": 15,
          "ignoreHttp1xx": false,
          "path": "/actuator/health",
          "portIndex": 1
        }
      ]
    },
    "networking": {
      "network": {
        "ports": [
          {
            "id": "port1",
            "containerPort": 8080
          },
          {
            "id": "port2",
            "containerPort": 8090
          }
        ]
      }
    }
  },
  "parameters": {
    "properties": {
      "general": {
        "properties": {
          "serviceId": {
            "default": "se-manager"
          },
          "serviceIdName": {
            "default": "se-manager"
          },
          "elasticsearch": {
            "properties": {
              "moreElasticsearch": {
                "properties": {
                  "elasticsearchShards": {
                    "description": "Number of primary shards for Elasticsearch indexes",
                    "type": "number",
                    "required": true,
                    "readOnly": false,
                    "application": false,
                    "level": 1,
                    "internalName": "ELASTICSEARCH_DEFAULT_SHARDS",
                    "title": "Elasticsearch shards",
                    "default": 1
                  },
                  "elasticsearchReplicas": {
                    "description": "Number of replicas for Elasticsearch indexes",
                    "type": "number",
                    "required": true,
                    "readOnly": false,
                    "application": false,
                    "level": 1,
                    "internalName": "ELASTICSEARCH_DEFAULT_REPLICAS",
                    "title": "Elasticsearch replicas",
                    "default": 0
                  },
                  "elasticsearchRefreshInterval": {
                    "description": "Elasticsearch refresh_interval defines the maximum amount of time until the changes are visible in search results",
                    "type": "string",
                    "required": true,
                    "readOnly": false,
                    "application": false,
                    "level": 1,
                    "internalName": "ELASTICSEARCH_DEFAULT_REFRESH_INTERVAL",
                    "title": "Elasticsearch refresh_interval",
                    "default": "1s"
                  }
                }
              }
            }
          },
          "resources": {
            "properties": {
              "CPUs": {
                "default": 0.5
              },
              "MEM": {
                "default": 512
              },
              "moreResources": {
                "properties": {
                  "javaOpts": {
                    "default": "-Xms256m -Xmx256m"
                  }
                }
              }
            }
          }
        }
      },
      "settings": {
        "properties": {
          "dockerImage": {
            "default": "${eos.dockerRegistry}/search-engine-manager:${versionId}"
          }
        }
      }
    }
  },
  "lifecycles": {
    "install": {
      "start": [
        {
          "type": "gosec/policies/create",
          "name": "elastisearch-${Application.id}",
          "groups": [],
          "users": [
            "${Application.id}"
          ],
          "tid": "${tenantId}",
          "services": [
            {
              "serviceType": "elasticsearch",
              "instances": [
                {
                  "sid": "${ElasticSearch.host}.${ElasticSearch.namespace}",
                  "acls": [
                    "ACL(resourceType Index, name *, actionsAllow [Create, Delete, Manage, Monitor, Read, Write], actionsDeny[], recursive true)",
                    "ACL(resourceType Cluster, name *, actionsAllow [Manage, Monitor], actionsDeny[], recursive true)"
                  ]
                }
              ]
            }
          ],
          "enabled": "${executePrerequisites}"
        }
      ]
    }
  },
  "parentConfiguration": {
    "serviceName": "abstract-search-engine",
    "model": "parent",
    "version": "13.2.0"
  }
}
