{
  "data": {
    "serviceName": "search-engine",
    "model": "se-searcher-default",
    "version": "13.2.0",
    "description": "The Searcher API allows to perform searches in Stratio Elasticsearch.",
    "highAvailability": false,
    "healthChecks": {
      "http": [
        {
          "gracePeriodSeconds": 60,
          "intervalSeconds": 20,
          "maxConsecutiveFailures": 3,
          "timeoutSeconds": 5,
          "delaySeconds": 15,
          "ignoreHttp1xx": false,
          "path": "/actuator/health",
          "portIndex": 1
        }
      ]
    },
    "networking": {
      "network": {
        "ports": [
          {
            "id": "port1",
            "containerPort": 8081
          },
          {
            "id": "port2",
            "containerPort": 8091
          }
        ]
      }
    }
  },
  "parameters": {
    "properties": {
      "general": {
        "properties": {
          "serviceId": {
            "default": "se-searcher"
          },
          "serviceIdName": {
            "default": "se-searcher"
          },
          "resources": {
            "properties": {
              "CPUs": {
                "default": 2
              },
              "MEM": {
                "default": 2048
              },
              "moreResources": {
                "properties": {
                  "javaOpts": {
                    "default": "-Xms1024m -Xmx1024m"
                  }
                }
              }
            }
          }
        }
      },
      "settings": {
        "properties": {
          "dockerImage": {
            "default": "${eos.dockerRegistry}/search-engine-searcher:${versionId}"
          }
        }
      }
    }
  },
  "lifecycles": {
    "install": {
      "start": [
        {
          "type": "gosec/policies/create",
          "name": "elastisearch-${Application.id}",
          "groups": [],
          "users": [
            "${Application.id}"
          ],
          "tid": "${tenantId}",
          "services": [
            {
              "serviceType": "elasticsearch",
              "instances": [
                {
                  "sid": "${ElasticSearch.host}.${ElasticSearch.namespace}",
                  "acls": [
                    "ACL(resourceType Index, name *, actionsAllow [Read, Manage], actionsDeny[Create, Delete, Monitor, Write], recursive true)",
                    "ACL(resourceType Cluster, name *, actionsAllow [Manage, Monitor], actionsDeny[], recursive true)"
                  ]
                }
              ]
            }
          ],
          "enabled": "${executePrerequisites}"
        }
      ]
    }
  },
  "parentConfiguration": {
    "serviceName": "abstract-search-engine",
    "model": "parent",
    "version": "13.2.0"
  }
}
