{
  "data": {
    "serviceName": "governance",
    "version": "13.2.0",
    "model": "discovery-mgr-default",
    "description": "Stratio Discovery Manager allows us to discover new data on demand.",
    "framework": false,
    "highAvailability": false,
    "healthChecks": {
      "tcp": [
        {
          "gracePeriodSeconds": 60,
          "intervalSeconds": 15,
          "maxConsecutiveFailures": 3,
          "timeoutSeconds": 1,
          "port": 61000
        }
      ],
      "http": [],
      "command": []
    },
    "networking": {
      "expose": [
        {
          "portIndex": 0,
          "redirectHttpToHttps": true,
          "includePortName": false,
          "path": "",
          "sticky": false,
          "external": false,
          "schema": "https",
          "vhost": "${governanceServerHost}",
          "nginx.ingress.kubernetes.io/auth-signin": "https://${governanceServerHost}/oauth2/start?rd=$escaped_request_uri",
          "nginx.ingress.kubernetes.io/auth-url": "https://${oauth2ProxyHost}/oauth2/auth",
          "nginx.ingress.kubernetes.io/rewrite-target": "/$2",
          "nginx.ingress.kubernetes.io/auth-tls-verify-client": "optional",
          "nginx.ingress.kubernetes.io/backend-protocol": "HTTPS"
        }
      ],
      "network": {
        "networkType": "user",
        "ports": [
          {
            "servicePort": 0,
            "protocol": "tcp",
            "name": "discovery",
            "labels": {},
            "containerPort": 61000
          },
          {
            "servicePort": 0,
            "protocol": "tcp",
            "name": "metrics",
            "labels": {
              "metrics_path": "/actuator/prometheus"
            },
            "containerPort": 8091
          }
        ],
        "requirePorts": false
      }
    },
    "container": {
      "runners": [
        {
          "id": "com.stratio.tais.persistence.model.service.container.DockerRunner",
          "typeClass": "com.stratio.tais.persistence.model.service.container.DockerRunner",
          "image": "${eos.dockerRegistry}/dg-discovery-manager:0.1.0",
          "forcePullImage": false,
          "privileged": false
        }
      ],
      "volumes": []
    },
    "secrets": {
      "appRole": "role",
      "secretRole": "${approlename}"
    },
    "permissions": {
      "enabled": true,
      "policies": [
        "K8sApplicationRole(id ${Application.name})"
      ]
    }
  },
  "parameters": {
    "type": "object",
    "additionalProperties": false,
    "properties": {
      "general": {
        "type": "object",
        "additionalProperties": false,
        "ui": null,
        "name": "general",
        "title": "General",
        "description": "Minimum configuration to run this service. Found more advanced properties in 'Customize deployment' section.",
        "properties": {
          "serviceId": {
            "description": "Unique identifier for the app consisting of a series of names separated by dashes. Each name must be at least 1 character and may only contain digits (0-9), dashes (-) and lowercase letters (a-z). The name may not begin with a digit or a dash or end with a dash.",
            "type": "string",
            "required": true,
            "readOnly": false,
            "application": true,
            "pattern": "^[a-z]([-a-z0-9]*[a-z0-9])?$",
            "maxLength": 55,
            "internalName": "SERVICE_ID",
            "ui": {
              "updatable": false
            },
            "title": "Service ID",
            "default": "dg-discovery-manager"
          },
          "serviceIdName": {
            "description": "Unique identifier for the app consisting of a series of names separated by dashes. Each name must be at least 1 character and may only contain digits (0-9), dashes (-), dots (.), and lowercase letters (a-z). The name may not begin with a digit or a dash or end with a dash.",
            "type": "string",
            "required": true,
            "readOnly": true,
            "application": true,
            "internalName": "SERVICE_ID_NAME",
            "pattern": "^[a-z]([-a-z0-9]*[a-z0-9])?$",
            "ui": {
              "updatable": false
            },
            "title": "Service Name",
            "default": "dg-discovery-manager"
          },
          "governanceServerHost": {
            "description": "URL host to access to your Governance instance.",
            "type": "string",
            "minimum": 1,
            "required": true,
            "readOnly": false,
            "application": false,
            "level": 1,
            "internalName": "VIRTUAL_HOST",
            "examples": [
              "admin.k8s.seven.labs.stratio.com"
            ],
            "ui": {
              "updatable": false
            },
            "default": "${admin_fqdn}",
            "title": "URI host"
          },
          "oauth2ProxyHost": {
            "description": "Oauth2 proxy internal hostname.",
            "type": "string",
            "required": true,
            "readOnly": true,
            "level": 2,
            "application": true,
            "internalName": "OAUTH2_PROXY_HOSTNAME",
            "ui": {
              "updatable": false
            },
            "title": "Oauth2 proxy internal hostname",
            "default": "oauth2-proxy.keos-auth.svc.${eos.internalDomain}"
          },
          "postgressql": {
            "type": "object",
            "additionalProperties": false,
            "ui": {
              "component": "standard"
            },
            "name": "postgressql",
            "title": "PostgreSQL",
            "description": "Configuration of the PostgreSQL where this agent will store the discovered metadata.",
            "properties": {
              "postgresqlTlsEnable": {
                "description": "Security connection type (MD5|TLS).",
                "type": "string",
                "readOnly": true,
                "application": false,
                "level": 2,
                "internalName": "STEP_POSTGRES",
                "title": "Postgres Security type",
                "enum": [
                  "TLS",
                  "MD5"
                ],
                "default": "TLS"
              },
              "datastoreHost": {
                "description": "Host name of the metadata datastore or if it's a framework, the node with the role 'master'.",
                "type": "string",
                "required": true,
                "readOnly": false,
                "application": false,
                "level": 1,
                "internalName": "DATASTORE_HOST",
                "title": "Host",
                "default": "pgbouncer-postgreskeos-governance.keos-core"
              },
              "datastoreDatabase": {
                "description": "Database where Governance stores its metadata.",
                "type": "string",
                "readOnly": false,
                "application": false,
                "level": 1,
                "internalName": "DATASTORE_DATABASE",
                "ui": {
                  "updatable": false
                },
                "title": "Database",
                "default": "postgreskeos"
              },
              "pgUrl": {
                "description": "PostgreSQL connection URL.",
                "type": "string",
                "readOnly": true,
                "application": false,
                "level": 2,
                "internalName": "SPRING_DATASOURCE_URL",
                "title": "Url",
                "ui": {
                  "updatable": false
                },
                "default": "jdbc:postgresql://${datastoreHost}/${datastoreDatabase}?prepareThreshold=0"
              },
              "pgUser": {
                "description": "User/tenant who can access to the database. This user must have read/write permissions.",
                "type": "string",
                "readOnly": true,
                "application": false,
                "level": 1,
                "internalName": "DB_CERT_FQDN",
                "title": "User",
                "default": "dg-bootstrap"
              },
              "pgUserCertPath": {
                "description": "PostgreSQL User Cert Path",
                "type": "string",
                "readOnly": true,
                "application": false,
                "level": 2,
                "internalName": "DB_CERT_PATH",
                "title": "User",
                "default": "dg-bootstrap.${k8sNamespace}"
              },
              "pgUserCA": {
                "description": "Cert name needed for security management.",
                "type": "string",
                "readOnly": true,
                "application": false,
                "level": 2,
                "internalName": "DB_CA_INSTANCE",
                "title": "CA",
                "default": "default"
              },
              "pgUserCAPath": {
                "description": "Vault path to locate the certificate of the datastore we want to discover.",
                "type": "string",
                "readOnly": true,
                "application": false,
                "level": 2,
                "internalName": "DB_CA_PATH",
                "title": "CA path",
                "default": "ca-trust"
              }
            },
            "required": [
              "pgUser"
            ]
          },
          "identity": {
            "type": "object",
            "additionalProperties": false,
            "ui": {
              "component": "standard"
            },
            "name": "identity",
            "title": "Service Identity",
            "description": "Vault properties configuration.",
            "properties": {
              "approlename": {
                "application": false,
                "default": "${Application.domain}-${Application.name}",
                "description": "App role used to recover a Vault token with a pre-defined policy",
                "internalName": "VAULT_ROLE",
                "level": 1,
                "readOnly": false,
                "required": true,
                "title": "Vault role",
                "type": "string",
                "ui": {
                  "updatable": true
                }
              }
            }
          },
          "resources": {
            "type": "object",
            "additionalProperties": false,
            "ui": {
              "component": "accordion"
            },
            "name": "resources",
            "title": "Resources",
            "description": "Service's resources management.",
            "properties": {
              "CPUs": {
                "description": "The number of CPU's this application needs per instance. This number does not have to be integer, but can be a fraction.",
                "type": "number",
                "required": true,
                "readOnly": false,
                "application": true,
                "level": 1,
                "internalName": "CPUs",
                "title": "CPUs",
                "default": 2
              },
              "MEM": {
                "description": "The amount of memory in MB that is needed for the application per instance.",
                "type": "number",
                "required": true,
                "readOnly": false,
                "application": true,
                "level": 1,
                "internalName": "MEM",
                "title": "Memory (MB)",
                "default": 1024
              },
              "INSTANCES": {
                "description": "The number of instances of this application to start. Always 1, because this is a Framework. In other words, this is the instance number of the scheduler.",
                "type": "number",
                "minimum": 0,
                "required": true,
                "readOnly": false,
                "application": true,
                "level": 1,
                "internalName": "INSTANCES",
                "title": "Instances",
                "default": 1
              },
              "DISK": {
                "description": "Disk capacity in MB requested for each instance in MB.",
                "type": "number",
                "required": false,
                "readOnly": false,
                "application": true,
                "level": 2,
                "internalName": "DISK",
                "title": "Disk (MB)",
                "default": 0
              },
              "GPUs": {
                "description": "The number of GPU's this application needs per instance. This number does not have to be integer, but can be a fraction.",
                "type": "number",
                "required": false,
                "readOnly": false,
                "application": true,
                "level": 2,
                "internalName": "GPUs",
                "title": "GPUs",
                "default": 0
              }
            },
            "required": [
              "CPUs",
              "MEM",
              "INSTANCES"
            ]
          }
        },
        "required": [
          "serviceId"
        ]
      },
      "settings": {
        "type": "object",
        "additionalProperties": false,
        "ui": null,
        "name": "settings",
        "title": "Settings",
        "description": "API advanced configuration",
        "properties": {
          "logLevelConfig": {
            "type": "object",
            "additionalProperties": false,
            "ui": {
              "component": "standard"
            },
            "name": "logLevelConfig",
            "title": "Log level configuration",
            "description": "This sections allows to config different trace levels for different parts of the code.",
            "properties": {
              "governanceLoggingType": {
                "type": "string",
                "readOnly": false,
                "application": false,
                "level": 1,
                "internalName": "GOVERNANCE_LOGGING_TYPE",
                "title": "Logging type",
                "enum": [
                  "CentralizedJSON",
                  "Centralized"
                ],
                "default": "CentralizedJSON"
              },
              "apiLogLevel": {
                "type": "string",
                "readOnly": false,
                "application": false,
                "level": 1,
                "internalName": "API_LOG_LEVEL",
                "title": "General log level",
                "enum": [
                  "TRACE",
                  "DEBUG",
                  "INFO",
                  "WARN",
                  "ERROR"
                ],
                "default": "INFO"
              },
              "governanceLogLevel": {
                "type": "string",
                "readOnly": false,
                "application": false,
                "level": 1,
                "internalName": "GOVERNANCE_LOG_LEVEL",
                "title": "Governance events log level",
                "enum": [
                  "TRACE",
                  "DEBUG",
                  "INFO",
                  "WARN",
                  "ERROR"
                ],
                "default": "INFO"
              },
              "webLogLevel": {
                "type": "string",
                "readOnly": false,
                "application": false,
                "level": 1,
                "internalName": "WEB_LOG_LEVEL",
                "title": "Web events log level",
                "enum": [
                  "TRACE",
                  "DEBUG",
                  "INFO",
                  "WARN",
                  "ERROR"
                ],
                "default": "INFO"
              },
              "securityLogLevel": {
                "type": "string",
                "readOnly": false,
                "application": false,
                "level": 1,
                "internalName": "SECURITY_LOG_LEVEL",
                "title": "Security events log level",
                "enum": [
                  "TRACE",
                  "DEBUG",
                  "INFO",
                  "WARN",
                  "ERROR"
                ],
                "default": "INFO"
              },
              "persistenceLogLevel": {
                "type": "string",
                "readOnly": false,
                "application": false,
                "level": 1,
                "internalName": "PERSISTENCE_LOG_LEVEL",
                "title": "Persistence events log level",
                "enum": [
                  "TRACE",
                  "DEBUG",
                  "INFO",
                  "WARN",
                  "ERROR"
                ],
                "default": "INFO"
              }
            }
          },
          "swaggerEnabled": {
            "description": "Enable/disable swagger documentation",
            "type": "boolean",
            "readOnly": false,
            "application": false,
            "level": 1,
            "internalName": "SWAGGER_ENABLED",
            "title": "Swagger documentation",
            "default": false
          },
          "swaggerUrlPrefix": {
            "description": "URL prefix required to test API from Swagger UI",
            "type": "string",
            "required": true,
            "readOnly": true,
            "application": false,
            "level": 2,
            "internalName": "SWAGGER_URL_PREFIX",
            "ui": {
              "updatable": false
            },
            "title": "Swagger URL prefix",
            "default": "/${serviceId}"
          },
          "metrics": {
            "type": "object",
            "additionalProperties": false,
            "ui": {
              "component": "accordion"
            },
            "name": "Metrics Configuration",
            "title": "",
            "description": "",
            "properties": {
              "metricsEnabled": {
                "description": "Enabled/Disabled Metrics",
                "type": "boolean",
                "readOnly": true,
                "application": false,
                "level": 2,
                "internalName": "METRICS_ENABLED",
                "title": "Enabled",
                "default": true
              },
              "metricsPort": {
                "description": "port where metrics are exposed",
                "type": "number",
                "readOnly": true,
                "application": false,
                "level": 2,
                "internalName": "METRICS_PORT",
                "title": "Port",
                "default": 8091
              }
            }
          },
          "prometheusMetrics": {
            "type": "object",
            "additionalProperties": false,
            "ui": {
              "component": "accordion"
            },
            "name": "prometheusMetrics",
            "title": "Prometheus metrics",
            "description": "Enable the Prometheus-style metrics endpoint.",
            "properties": {
              "apiMetricsPrometheusEnabled": {
                "description": "Enable the Prometheus-style metrics endpoint.",
                "type": "boolean",
                "readOnly": false,
                "application": false,
                "level": 1,
                "internalName": "API_SERVER_PROMETHEUS_ENABLED",
                "title": "Prometheus metrics",
                "default": true
              },
              "apiMetricsPrometheusChroot": {
                "description": "Application path where deploy metrics endpoint",
                "type": "string",
                "readOnly": false,
                "application": false,
                "level": 2,
                "internalName": "API_SERVER_PROMETHEUS_CHROOT",
                "title": "Endpoint root path",
                "default": "/"
              },
              "apiMetricsPrometheusPath": {
                "description": "Prometheus metrics endpoint context path.",
                "type": "string",
                "readOnly": false,
                "application": false,
                "level": 1,
                "internalName": "API_SERVER_PROMETHEUS_PATH",
                "title": "Endpoint name",
                "default": "actuator/prometheus"
              }
            },
            "required": []
          }
        }
      },
      "security": {
        "type": "object",
        "additionalProperties": false,
        "ui": null,
        "name": "security",
        "title": "Security",
        "description": "Security properties for secure connection and Mutual TLS for API interactions.",
        "properties": {
          "signKeyType": {
            "type": "string",
            "readOnly": false,
            "application": false,
            "level": 2,
            "internalName": "SIGN_KEY_TYPE",
            "title": "Public jwt sign key type",
            "default": "asymmetric"
          },
          "stepTruststore": {
            "description": "Enable API communication by AdminRouter.",
            "type": "boolean",
            "readOnly": true,
            "application": false,
            "level": 2,
            "internalName": "STEP_TRUSTSTORE",
            "title": "Activate API security",
            "default": true
          },
          "stepTls": {
            "description": "Apply API TLS",
            "type": "boolean",
            "readOnly": true,
            "application": false,
            "level": 1,
            "required": true,
            "internalName": "STEP_TLS",
            "title": "Apply API TLS",
            "default": true
          },
          "applyMutualTls": {
            "description": "Mutual TLS option. Must be 'need' or 'empty' if not used.",
            "type": "string",
            "readOnly": true,
            "application": false,
            "level": 2,
            "internalName": "SERVER_SSL_CLIENT_AUTH",
            "title": "Apply mutual TLS",
            "default": "need"
          },
          "tlsAuthClientFront": {
            "description": "Authorized CNs in the whitelist for front.",
            "type": "string",
            "readOnly": false,
            "application": false,
            "required": false,
            "level": 1,
            "internalName": "AUTH_CLIENTS_FRONT",
            "title": "Auth clients Front",
            "examples": [
              "my_service.my_domain.*"
            ],
            "default": "*"
          },
          "tlsAuthClientSecurity": {
            "description": "Authorized CNs in the whitelist for security.",
            "type": "string",
            "readOnly": false,
            "application": false,
            "required": false,
            "level": 1,
            "internalName": "AUTH_CLIENTS_SECURITY",
            "title": "Auth clients Security",
            "examples": [
              "my_service.my_domain.*"
            ],
            "default": "*"
          },
          "ca_bundle_path": {
            "description": "Path for the CA Bundle.",
            "type": "string",
            "readOnly": true,
            "application": false,
            "level": 2,
            "internalName": "CA_BUNDLE_PATH",
            "title": "CA Bundle path",
            "default": "ca-trust"
          },
          "ca_bundle_instance": {
            "description": "CA Bundle instance.",
            "type": "string",
            "readOnly": true,
            "application": false,
            "level": 2,
            "internalName": "CA_BUNDLE_INSTANCE",
            "title": "CA Bundle instance",
            "default": "default"
          },
          "cert_fqdn": {
            "description": "TLS Certificate FQDN's name.",
            "type": "string",
            "readOnly": true,
            "application": false,
            "level": 1,
            "internalName": "TLS_CERT_FQDN",
            "title": "TLS Certificate FQDN",
            "default": "${Application.id}"
          },
          "cert_path": {
            "description": "TLS Certificate's path.",
            "type": "string",
            "readOnly": true,
            "application": false,
            "level": 2,
            "internalName": "TLS_CERT_PATH",
            "title": "TLS Certificate path",
            "default": "${Application.id}"
          },
          "cert_governance_path": {
            "description": "TLS Governance Certificate's path.",
            "type": "string",
            "readOnly": false,
            "application": false,
            "level": 2,
            "internalName": "TLS_GOV_CERT_PATH",
            "title": "TLS Certificate path",
            "default": "dg-businessglossary-api.keos-core"
          },
          "tenantSecurityEnabled": {
            "description": "Whether or not enable Governance tenant security",
            "type": "boolean",
            "required": true,
            "readOnly": true,
            "application": false,
            "level": 1,
            "internalName": "COMMONS_SECURITY_TENANT_ENABLED",
            "title": "Enable Governance tenant security",
            "default": true
          },
          "cookieName": {
            "description": "Stratio authorization cookie name",
            "type": "string",
            "required": true,
            "readOnly": true,
            "application": false,
            "level": 2,
            "internalName": "COMMONS_SECURITY_COOKIE_NAME",
            "title": "Stratio authorization cookie name",
            "default": "stratio-cookie"
          },
          "jwtValidation": {
            "description": "Whether or not enable Governance jwt validation",
            "type": "boolean",
            "required": true,
            "readOnly": true,
            "application": false,
            "level": 2,
            "internalName": "COMMONS_SECURITY_OAUTH2_JWT_VALIDATE",
            "title": "Enable Governance jwt validation",
            "default": true
          },
          "monotenant": {
            "description": "Whether or not enable Governance monotenant mode",
            "type": "boolean",
            "required": true,
            "readOnly": true,
            "application": false,
            "level": 2,
            "internalName": "COMMONS_SECURITY_OAUTH2_JWT_MONOTENANT",
            "title": "Enable Governance monotenant mode",
            "default": false
          },
          "cookieLessNavigationEnabled": {
            "description": "Whether or not enable Cookie-less navigation",
            "type": "boolean",
            "required": true,
            "readOnly": true,
            "application": false,
            "level": 1,
            "internalName": "COMMONS_SECURITY_COOKIELESS_NAVIGATION_ENABLED",
            "title": "Enable Cookie-less navigation",
            "default": true
          }
        }
      },
      "environment": {
        "type": "object",
        "additionalProperties": false,
        "ui": null,
        "name": "environment",
        "title": "Environment",
        "description": "Vault configuration properties.",
        "properties": {
          "vault": {
            "type": "object",
            "additionalProperties": false,
            "ui": {
              "component": "standard"
            },
            "name": "vault",
            "title": "Vault",
            "description": "",
            "properties": {
              "step_secrets": {
                "description": "Enable vault access",
                "type": "boolean",
                "readOnly": true,
                "application": false,
                "level": 2,
                "internalName": "STEP_SECRETS",
                "title": "Active vault access",
                "default": true
              },
              "vhosts": {
                "description": "Hostname of the node that contains the Vault service. IMPORTANT: It's not necessary if dynamic authentication is enabled.",
                "type": "string",
                "readOnly": true,
                "application": false,
                "level": 1,
                "internalName": "VAULT_HOSTS",
                "title": "Vault hosts",
                "default": "${globals.vault.vaultHost}"
              },
              "vaultPort": {
                "description": "Port where Vault Server is listening within the host defined in VAULT_HOSTS parameter. It is usually 8200.",
                "type": "number",
                "readOnly": true,
                "application": false,
                "level": 1,
                "internalName": "VAULT_PORT",
                "title": "Vault port",
                "default": "${globals.vault.vaultPort}"
              },
              "vaultPath": {
                "description": "Default Vault path to store the secrets.",
                "type": "string",
                "readOnly": true,
                "application": false,
                "level": 2,
                "internalName": "VAULT_PATH",
                "title": "Vault path",
                "default": "userland"
              }
            }
          },
          "sso": {
            "type": "object",
            "additionalProperties": false,
            "ui": {
              "component": "standard"
            },
            "name": "sso",
            "title": "Single Sign On",
            "description": "Single Sign On configuration properties.",
            "properties": {
              "ssoEnabled": {
                "description": "Enable SSO on Governance",
                "type": "boolean",
                "readOnly": true,
                "application": false,
                "level": 1,
                "internalName": "STEP_OAUTH2",
                "title": "Sso enabled",
                "ui": {
                  "updatable": false
                },
                "default": true
              },
              "securityOauthJwtInstance": {
                "description": "Security Oauth2 Jwt Instance.",
                "type": "string",
                "readOnly": true,
                "application": false,
                "level": 2,
                "internalName": "SECURITY_OAUTH2_JWT_INSTANCE",
                "title": "Security Oauth2 Jwt Instance",
                "default": "public"
              },
              "securityOauthJwtPath": {
                "description": "Security Oauth2 Jwt Path.",
                "type": "string",
                "readOnly": true,
                "application": false,
                "level": 2,
                "internalName": "SECURITY_OAUTH2_JWT_PATH",
                "title": "Security Oauth2 Jwt Instance",
                "default": "ingress-nginx-controller.keos-ingress/jwt-keys"
              },
              "securityOauthJwtCluster": {
                "description": "Security Oauth2 Jwt Cluster.",
                "type": "string",
                "readOnly": true,
                "application": false,
                "level": 2,
                "internalName": "SECURITY_OAUTH2_JWT_CLUSTER",
                "title": "Security Oauth2 Jwt Instance",
                "default": "userland"
              }
            }
          }
        }
      }
    }
  },
  "lifecycles": {
    "install": {
      "start": [
        {
          "type": "core/disable",
          "tag": "gosec-register",
          "enabled": "false"
        },
        {
          "label": "Print install start log",
          "type": "io/print",
          "text": "Lifecycle: Install/start"
        },
        {
          "label": "Init secrets creation log",
          "type": "io/print",
          "text": "------------- Instance secrets creation --------------"
        },
        {
          "label": "=> Secrets Creation during install: Creating instance certificate for ${Application.id}",
          "type": "secret/certificate",
          "path": "/userland/certificates/${Application.id}",
          "secretName": "${Application.id}",
          "commonName": "${Application.id}",
          "altNames": "${serviceId}-${k8sNamespace}, ${serviceId}-${k8sNamespace}.${k8sNamespace}, *.${k8sNamespace}"
        },
        {
          "label": "=> install_start_secretsCreation_cookieSecret: Creating cookie secret",
          "type": "secret/password",
          "path": "/userland/passwords/${Application.id}",
          "secretName": "keystore",
          "password": "${randomString(40)}"
        },
        {
          "label": "=> install_start_secrets Creation_jwtSecret: Jwt signing key",
          "type": "secret/password",
          "path": "/userland/passwords/${Application.id}",
          "secretName": "${securityOauthJwtInstance}",
          "password": "${randomString(40)}"
        },
        {
          "label": "=> install_start_secretsCreation_ssoOauthPass: Password Oauth",
          "type": "secret/password",
          "path": "/userland/passwords/${Application.id}",
          "secretName": "oauthinfo",
          "user": "${Application.id}-oauth-id",
          "password": "${randomString(40)}"
        },
        {
          "label": "End secrets creation log",
          "type": "io/print",
          "text": "------------- End identity secrets creation --------------"
        },
        {
          "type": "labels/upsert",
          "scope": "service,deployment",
          "labels": "[{\"key\":\"app.kubernetes.io/component\", \"value\":\"${Application.name}\"}]"
        },
        {
          "name": "prometheusIdentifierValue",
          "type": "core/var",
          "value": "${Application.id}_${randomString(10)}"
        },
        {
          "type": "labels/upsert",
          "scope": "service,deployment",
          "labels": "[{\"key\":\"governance-prometheus-selector\", \"value\":\"${prometheusIdentifierValue}\"}]"
        },
        {
          "type": "kubernetes/customresource/create",
          "apiVersion": "monitoring.coreos.com/v1",
          "kind": "PodMonitor",
          "name": "${tenantId}-${Application.id}",
          "namespace": "keos-metrics",
          "spec": "{\"podMetricsEndpoints\": [{\"interval\": \"5s\",\"port\": \"metrics\",\"path\": \"${apiMetricsPrometheusChroot}${apiMetricsPrometheusPath}\",\"scheme\": \"http\"}],\"namespaceSelector\": {\"matchNames\": [\"${Application.domain}\"]},\"selector\": {\"matchLabels\": {\"governance-prometheus-selector\": \"${prometheusIdentifierValue}\"}}}",
          "annotations": "{\"meta.helm.sh/release-name\": \"core-prometheus\", \"meta.helm.sh/release-namespace\": \"keos-metrics\"}",
          "labels": "{\"app\": \"kube-prometheus-stack-prometheus\", \"app.kubernetes.io/managed-by\": \"Helm\", \"chart\": \"kube-prometheus-stack-10.1.1\", \"heritage\": \"Helm\", \"release\": \"core-prometheus\"}",
          "enabled": "${apiMetricsPrometheusEnabled}"
        },
        {
          "type": "kubernetes/customresource/create",
          "apiVersion": "secrets.stratio.com/v1",
          "kind": "SecretsIdentity",
          "plural": "SecretsIdentities",
          "name": "${Application.name}",
          "namespace": "${Application.domain}",
          "spec": "{\"bundles\":[\"${Application.name}\",\"dg-bootstrap\",\"dg-businessglossary-api\"],\"subject\":{\"kind\":\"ServiceAccount\",\"name\":\"${Application.name}\",\"namespace\":\"${Application.domain}\"}}",
          "enabled": "true"
        },
        {
          "type": "kubernetes/customresource/create",
          "apiVersion": "secrets.stratio.com/v2beta1",
          "kind": "SecretsIdentity",
          "plural": "SecretsIdentities",
          "name": "${Application.name}",
          "namespace": "keos-ingress",
          "spec": "{\"bundles\":[{\"name\":\"ingress-nginx-controller\",\"passwords\":[{\"name\":\"jwt-keys\",\"subPath\":\"public\"}]}],\"subject\":{\"kind\":\"ServiceAccount\",\"name\":\"${Application.name}\",\"namespace\":\"${Application.domain}\"}}",
          "enabled": "true"
        },
        {
          "type": "time/sleep",
          "millis": "5000"
        }
      ],
      "install/pre": [
        {
          "label": "Print install pre task log",
          "type": "io/print",
          "text": "Printing install pre task log"
        }
      ],
      "install/post": [
        {
          "label": "Print install post task log",
          "type": "io/print",
          "text": "Printing install post task log"
        }
      ],
      "install/finalize": [
        {
          "label": "Print install finalize task log",
          "type": "io/print",
          "text": "Printing install finalize task log"
        }
      ],
      "finish": [
        {
          "label": "Print install finish log",
          "type": "io/print",
          "text": "Printing install finish log"
        }
      ]
    },
    "update": {
      "start": [
        {
          "label": "Print update start log",
          "type": "io/print",
          "text": "Printing update start log"
        }
      ],
      "update/pre": [
        {
          "label": "Print update pre task log",
          "type": "io/print",
          "text": "Printing update pre task log"
        }
      ],
      "update/post": [
        {
          "label": "Print update post task log",
          "type": "io/print",
          "text": "Printing update post task log"
        }
      ],
      "update/finalize": [
        {
          "label": "Print update finalize task log",
          "type": "io/print",
          "text": "Printing update finalize task log"
        }
      ],
      "finish": [
        {
          "label": "Print update finish log",
          "type": "io/print",
          "text": "Printing update finish log"
        }
      ]
    },
    "upgrade": {
      "start": [
        {
          "label": "Print upgrade start log",
          "type": "io/print",
          "text": "Printing upgrade start log"
        }
      ],
      "upgrade/pre": [
        {
          "label": "Print upgrade pre task log",
          "type": "io/print",
          "text": "Printing upgrade pre task log"
        }
      ],
      "upgrade/post": [
        {
          "label": "Print upgrade post task log",
          "type": "io/print",
          "text": "Printing upgrade post task log"
        }
      ],
      "upgrade/finalize": [
        {
          "label": "Print upgrade finalize task log",
          "type": "io/print",
          "text": "Printing upgrade finalize task log"
        }
      ],
      "finish": [
        {
          "label": "Print upgrade finish log",
          "type": "io/print",
          "text": "Printing upgrade finish log"
        }
      ]
    },
    "restart": {
      "start": [
        {
          "label": "Print restart start log",
          "type": "io/print",
          "text": "Printing restart start log"
        }
      ],
      "restart/pre": [
        {
          "label": "Print restart pre task log",
          "type": "io/print",
          "text": "Printing restart pre task log"
        }
      ],
      "restart/post": [
        {
          "label": "Print restart post task log",
          "type": "io/print",
          "text": "Printing restart post task log"
        }
      ],
      "restart/finalize": [
        {
          "label": "Print restart finalize task log",
          "type": "io/print",
          "text": "Printing restart finalize task log"
        }
      ],
      "finish": [
        {
          "label": "Print restart finish log",
          "type": "io/print",
          "text": "Printing restart finish log"
        }
      ]
    },
    "uninstall": {
      "start": [
        {
          "label": "Print uninstall start log",
          "type": "io/print",
          "text": "Printing uninstall start log"
        }
      ],
      "uninstall/pre": [
        {
          "label": "Print uninstall pre task log",
          "type": "io/print",
          "text": "Printing uninstall pre task log"
        }
      ],
      "uninstall/post": [
        {
          "label": "Print uninstall post task log",
          "type": "io/print",
          "text": "Printing uninstall post task log"
        }
      ],
      "uninstall/finalize": [
        {
          "label": "Print uninstall finalize task log",
          "type": "io/print",
          "text": "Printing uninstall finalize task log"
        }
      ],
      "finish": [
        {
          "label": "Print uninstall finish log",
          "type": "io/print",
          "text": "Printing uninstall finish log"
        }
      ]
    }
  }
}
