{
  "data": {
    "serviceName": "governance",
    "model": "api-upgrade",
    "version": "13.2.0",
    "description": "Stratio Governance is the data governance solution for Stratio DataCentric (Use only to upgrade)",
    "framework": false,
    "highAvailability": false,
    "container": {
      "runners": [
        {
          "id": "com.stratio.tais.persistence.model.service.container.DockerRunner",
          "typeClass": "com.stratio.tais.persistence.model.service.container.DockerRunner",
          "image": "${eos.dockerRegistry}/dg-businessglossary-api:1.11.0",
          "forcePullImage": false,
          "privileged": false
        }
      ],
      "volumes": []
    },
    "healthChecks": {
      "tcp": [
        {
          "gracePeriodSeconds": 60,
          "intervalSeconds": 120,
          "maxConsecutiveFailures": 300,
          "ignoreHttp1xx": false,
          "path": "/actuator/health",
          "portIndex": 1,
          "protocol": "HTTP",
          "timeoutSeconds": 60,
          "delaySeconds": 15
        }
      ],
      "http": [],
      "command": []
    },
    "networking": {
      "expose": [
        {
          "portIndex": 0,
          "redirectHttpToHttps": true,
          "includePortName": false,
          "path": "",
          "sticky": false,
          "external": false,
          "schema": "https",
          "vhost": "${governanceServerHost}",
          "nginx.ingress.kubernetes.io/auth-signin": "https://${governanceServerHost}/oauth2/start?rd=$escaped_request_uri",
          "nginx.ingress.kubernetes.io/auth-url": "https://${oauth2ProxyHost}/oauth2/auth",
          "nginx.ingress.kubernetes.io/rewrite-target": "/$2",
          "nginx.ingress.kubernetes.io/auth-tls-verify-client": "optional",
          "nginx.ingress.kubernetes.io/backend-protocol": "HTTPS",
          "nginx.ingress.kubernetes.io/affinity": "cookie",
          "nginx.ingress.kubernetes.io/affinity-mode": "persistent",
          "nginx.ingress.kubernetes.io/session-cookie-expires": "172800",
          "nginx.ingress.kubernetes.io/session-cookie-hash": "sha1",
          "nginx.ingress.kubernetes.io/session-cookie-max-age": "172800",
          "nginx.ingress.kubernetes.io/session-cookie-name": "route",
          "nginx.ingress.kubernetes.io/session-cookie-path": "/${Application.name}/dictionary/user/zip/v1/file/import"
        }
      ],
      "network": {
        "networkType": "user",
        "ports": [
          {
            "servicePort": 0,
            "protocol": "tcp",
            "name": "dictionary",
            "labels": {},
            "containerPort": 60000
          },
          {
            "servicePort": 0,
            "protocol": "tcp",
            "name": "metrics",
            "labels": {
              "metrics_path": "/actuator/prometheus"
            },
            "containerPort": 8092
          }
        ],
        "requirePorts": false
      }
    },
    "secrets": {
      "appRole": "role",
      "secretRole": "${approlename}"
    },
    "permissions": {
      "enabled": true,
      "policies": [
        "K8sApplicationRole(id ${Application.name})"
      ]
    }
  },
  "parameters": {
    "type": "object",
    "additionalProperties": false,
    "properties": {
      "general": {
        "type": "object",
        "additionalProperties": false,
        "ui": null,
        "name": "general",
        "title": "General",
        "description": "Minimum configuration to run this service. Found more advanced properties in 'Customize deployment' section.",
        "properties": {
          "serviceId": {
            "description": "Unique identifier for the app consisting of a series of names separated by dashes. Each name must be at least 1 character and may only contain digits (0-9), dashes (-) and lowercase letters (a-z). The name may not begin with a digit or a dash or end with a dash.",
            "type": "string",
            "required": true,
            "readOnly": false,
            "application": true,
            "pattern": "^[a-z]([-a-z0-9]*[a-z0-9])?$",
            "maxLength": 55,
            "internalName": "SERVICE_ID",
            "ui": {
              "updatable": false
            },
            "title": "Service ID",
            "default": "dg-businessglossary-api"
          },
          "serviceIdName": {
            "description": "Unique identifier for the app consisting of a series of names separated by dashes. Each name must be at least 1 character and may only contain digits (0-9), dashes (-) and lowercase letters (a-z). The name may not begin with a digit or a dash or end with a dash. WARNING: Services that connect to Governance expect the default name. Modify at your own risk.",
            "type": "string",
            "required": true,
            "readOnly": true,
            "application": true,
            "internalName": "SERVICE_ID_NAME",
            "pattern": "^[a-z]([-a-z0-9]*[a-z0-9])?$",
            "ui": {
              "updatable": false
            },
            "title": "Service Name",
            "default": "dg-businessglossary-api"
          },
          "governanceServerHost": {
            "description": "URL host to access to your Governance instance.",
            "type": "string",
            "minimum": 1,
            "required": true,
            "readOnly": false,
            "application": false,
            "level": 1,
            "internalName": "VIRTUAL_HOST",
            "examples": [
              "admin.k8s.seven.labs.stratio.com"
            ],
            "ui": {
              "updatable": false
            },
            "default": "${admin_fqdn}",
            "title": "URI host"
          },
          "oauth2ProxyHost": {
            "description": "Oauth2 proxy internal hostname.",
            "type": "string",
            "required": true,
            "readOnly": true,
            "level": 2,
            "application": true,
            "internalName": "OAUTH2_PROXY_HOSTNAME",
            "ui": {
              "updatable": false
            },
            "title": "Oauth2 proxy internal hostname",
            "default": "oauth2-proxy.keos-auth.svc.${eos.internalDomain}"
          },
          "postgressql": {
            "type": "object",
            "additionalProperties": false,
            "ui": {
              "component": "standard"
            },
            "name": "postgressql",
            "title": "PostgreSQL",
            "description": "Configuration of the PostgreSQL where this agent will store the discovered metadata.",
            "properties": {
              "postgresqlTlsEnable": {
                "description": "Security connection type (MD5|TLS).",
                "type": "string",
                "readOnly": true,
                "application": false,
                "level": 2,
                "internalName": "STEP_POSTGRES",
                "title": "Postgres Security type",
                "enum": [
                  "TLS",
                  "MD5"
                ],
                "default": "TLS"
              },
              "datastoreHost": {
                "description": "Host name of the metadata datastore or if it's a framework, the node with the role 'master'.",
                "type": "string",
                "required": true,
                "readOnly": false,
                "application": false,
                "level": 1,
                "internalName": "DATASTORE_HOST",
                "title": "Host",
                "default": "pgbouncer-postgreskeos-governance.keos-core"
              },
              "datastoreHostReadOnly": {
                "description": "PostgreSQL host for some read-only operations. Can be the same as the 'Host'.",
                "type": "string",
                "required": true,
                "readOnly": false,
                "application": false,
                "level": 1,
                "internalName": "DATASTORE_HOST_READONLY",
                "title": "Read-only Host (can be the same as 'Host')",
                "default": "pgbouncer-postgreskeos-governance.keos-core"
              },
              "datastoreDatabase": {
                "description": "Database where Governance stores its metadata.",
                "type": "string",
                "readOnly": false,
                "application": false,
                "level": 1,
                "internalName": "DATASTORE_DATABASE",
                "ui": {
                  "updatable": false
                },
                "title": "Database",
                "default": "postgreskeos"
              },
              "pgUrl": {
                "description": "PostgreSQL connection URL.",
                "type": "string",
                "readOnly": true,
                "application": false,
                "level": 2,
                "internalName": "DATABASE_DATASOURCE_READWRITE_URL",
                "title": "Url",
                "ui": {
                  "updatable": false
                },
                "default": "jdbc:postgresql://${datastoreHost}/${datastoreDatabase}?prepareThreshold=0"
              },
              "pgUrlReadOnly": {
                "description": "PostgreSQL connection URL for some read operations. Must be different than previous URL to work",
                "type": "string",
                "readOnly": true,
                "application": false,
                "level": 2,
                "internalName": "DATABASE_DATASOURCE_READONLY_URL",
                "title": "Second Url (readonly)",
                "ui": {
                  "updatable": false
                },
                "default": "jdbc:postgresql://${datastoreHostReadOnly}/${datastoreDatabase}?prepareThreshold=0"
              },
              "pgUser": {
                "description": "User/tenant who can access to the database. This user must have read/write permissions.",
                "type": "string",
                "readOnly": true,
                "application": false,
                "level": 1,
                "internalName": "DB_CERT_FQDN",
                "title": "User",
                "default": "dg-bootstrap"
              },
              "pgUserCertPath": {
                "description": "PostgreSQL User Cert Path",
                "type": "string",
                "readOnly": true,
                "application": false,
                "level": 2,
                "internalName": "DB_CERT_PATH",
                "title": "User",
                "default": "dg-bootstrap.${k8sNamespace}"
              },
              "pgUserCA": {
                "description": "Cert name needed for security management.",
                "type": "string",
                "readOnly": true,
                "application": false,
                "level": 2,
                "internalName": "DB_CA_INSTANCE",
                "title": "CA",
                "default": "default"
              },
              "pgUserCAPath": {
                "description": "Vault path to locate the certificate of the datastore we want to discover.",
                "type": "string",
                "readOnly": true,
                "application": false,
                "level": 2,
                "internalName": "DB_CA_PATH",
                "title": "CA path",
                "default": "ca-trust"
              }
            },
            "required": [
              "pgUser"
            ]
          },
          "identity": {
            "type": "object",
            "additionalProperties": false,
            "ui": {
              "component": "standard"
            },
            "name": "identity",
            "title": "Service Identity",
            "description": "Vault properties configuration.",
            "properties": {
              "approlename": {
                "application": false,
                "description": "App role used to recover a Vault token with a pre-defined policy",
                "default": "${Application.domain}-${Application.name}",
                "internalName": "VAULT_ROLE",
                "level": 1,
                "readOnly": false,
                "required": true,
                "title": "Vault role",
                "type": "string",
                "ui": {
                  "updatable": true
                }
              },
              "vaultprotocol": {
                "application": false,
                "description": "Vault Protocol",
                "internalName": "VAULT_PROTOCOL",
                "level": 2,
                "readOnly": false,
                "required": true,
                "title": "Vault protocol",
                "type": "string",
                "default": "HTTPS",
                "ui": {
                  "updatable": false
                }
              },
              "vaultenabled": {
                "application": false,
                "description": "Vault Enable",
                "internalName": "VAULT_ENABLE",
                "level": 2,
                "readOnly": false,
                "required": true,
                "title": "Vault Enable",
                "type": "boolean",
                "default": true,
                "ui": {
                  "updatable": false
                }
              }
            }
          },
          "resources": {
            "type": "object",
            "additionalProperties": false,
            "ui": {
              "component": "accordion"
            },
            "name": "resources",
            "title": "Resources",
            "description": "Service's resources management.",
            "properties": {
              "CPUs": {
                "description": "The number of CPU's this application needs per instance. This number does not have to be integer, but can be a fraction.",
                "type": "number",
                "required": true,
                "readOnly": false,
                "application": true,
                "level": 1,
                "internalName": "CPUs",
                "title": "CPUs",
                "default": 2
              },
              "MEM": {
                "description": "The amount of memory in MB that is needed for the application per instance.",
                "type": "number",
                "required": true,
                "readOnly": false,
                "application": true,
                "level": 1,
                "internalName": "MEM",
                "title": "Memory (MB)",
                "default": 2048
              },
              "INSTANCES": {
                "description": "The number of instances of this application to start. Always 1, because this is a Framework. In other words, this is the instance number of the scheduler.",
                "type": "number",
                "minimum": 0,
                "required": true,
                "readOnly": false,
                "application": true,
                "level": 1,
                "internalName": "INSTANCES",
                "title": "Instances",
                "default": 1
              },
              "DISK": {
                "description": "Disk capacity in MB requested for each instance in MB.",
                "type": "number",
                "required": false,
                "readOnly": false,
                "application": true,
                "level": 2,
                "internalName": "DISK",
                "title": "Disk (MB)",
                "default": 0
              },
              "GPUs": {
                "description": "The number of GPU's this application needs per instance. This number does not have to be integer, but can be a fraction.",
                "type": "number",
                "required": false,
                "readOnly": false,
                "application": true,
                "level": 2,
                "internalName": "GPUs",
                "title": "GPUs",
                "default": 0
              }
            },
            "required": [
              "CPUs",
              "MEM",
              "INSTANCES"
            ]
          }
        },
        "required": [
          "serviceId"
        ]
      },
      "settings": {
        "type": "object",
        "additionalProperties": false,
        "ui": null,
        "name": "settings",
        "title": "Settings",
        "description": "API advanced configuration",
        "properties": {
          "logLevelConfig": {
            "type": "object",
            "additionalProperties": false,
            "ui": {
              "component": "standard"
            },
            "name": "logLevelConfig",
            "title": "Log level configuration",
            "description": "This sections allows to config different trace levels for different parts of the code.",
            "properties": {
              "governanceLoggingType": {
                "type": "string",
                "readOnly": false,
                "application": false,
                "level": 1,
                "internalName": "GOVERNANCE_LOGGING_TYPE",
                "title": "Logging type",
                "enum": [
                  "CentralizedJSON",
                  "Centralized"
                ],
                "default": "CentralizedJSON"
              },
              "apiLogLevel": {
                "type": "string",
                "readOnly": false,
                "application": false,
                "level": 1,
                "internalName": "API_LOG_LEVEL",
                "title": "General log level",
                "enum": [
                  "TRACE",
                  "DEBUG",
                  "INFO",
                  "WARN",
                  "ERROR"
                ],
                "default": "INFO"
              },
              "governanceLogLevel": {
                "type": "string",
                "readOnly": false,
                "application": false,
                "level": 1,
                "internalName": "GOVERNANCE_LOG_LEVEL",
                "title": "Governance events log level",
                "enum": [
                  "TRACE",
                  "DEBUG",
                  "INFO",
                  "WARN",
                  "ERROR"
                ],
                "default": "INFO"
              },
              "webLogLevel": {
                "type": "string",
                "readOnly": false,
                "application": false,
                "level": 1,
                "internalName": "WEB_LOG_LEVEL",
                "title": "Web events log level",
                "enum": [
                  "TRACE",
                  "DEBUG",
                  "INFO",
                  "WARN",
                  "ERROR"
                ],
                "default": "INFO"
              },
              "securityLogLevel": {
                "type": "string",
                "readOnly": false,
                "application": false,
                "level": 1,
                "internalName": "SECURITY_LOG_LEVEL",
                "title": "Security events log level",
                "enum": [
                  "TRACE",
                  "DEBUG",
                  "INFO",
                  "WARN",
                  "ERROR"
                ],
                "default": "INFO"
              },
              "persistenceLogLevel": {
                "type": "string",
                "readOnly": false,
                "application": false,
                "level": 1,
                "internalName": "PERSISTENCE_LOG_LEVEL",
                "title": "Persistence events log level",
                "enum": [
                  "TRACE",
                  "DEBUG",
                  "INFO",
                  "WARN",
                  "ERROR"
                ],
                "default": "INFO"
              }
            }
          },
          "swaggerEnabled": {
            "description": "Enable/disable swagger documentation",
            "type": "boolean",
            "readOnly": false,
            "application": false,
            "level": 1,
            "internalName": "SWAGGER_ENABLED",
            "title": "Swagger documentation",
            "default": false
          },
          "swaggerUrlPrefix": {
            "description": "URL prefix required to test API from Swagger UI",
            "type": "string",
            "required": true,
            "readOnly": true,
            "application": false,
            "level": 2,
            "internalName": "SWAGGER_URL_PREFIX",
            "ui": {
              "updatable": false
            },
            "title": "Swagger URL prefix",
            "default": "/${serviceId}"
          },
          "maxFileSize": {
            "description": "maximum file size for import/export purposes",
            "type": "string",
            "readOnly": false,
            "application": false,
            "level": 2,
            "internalName": "SPRING_SERVLET_MULTIPART_MAX_FILE_SIZE",
            "title": "max. file size",
            "default": "20MB"
          },
          "maxRequestSize": {
            "description": "maximum request size for import/export purposes",
            "type": "string",
            "readOnly": false,
            "application": false,
            "level": 2,
            "internalName": "SPRING_SERVLET_MULTIPART_MAX_REQUEST_SIZE",
            "title": "max. request size",
            "default": "20MB"
          },
          "unzipFolder": {
            "description": "root folder where uploaded zip files will be unzipped for import/export purposes",
            "type": "string",
            "readOnly": false,
            "application": false,
            "level": 2,
            "internalName": "GOVERNANCE_UNZIP_FOLDER",
            "title": "zip folder",
            "default": "/tmp/zip/"
          },
          "unzipFolderTtl": {
            "description": "maximum age of temporary folders in minutes for import/export purposes",
            "type": "number",
            "readOnly": false,
            "application": false,
            "level": 2,
            "internalName": "GOVERNANCE_UNZIP_FOLDER_TTL",
            "title": "zip folder ttl (minutes)",
            "default": 1440
          },
          "unzipFolderCron": {
            "description": "Cron expression that determines the frequency with which the periodic cleaning process of the temporary directories is launched for import/export purposes",
            "type": "string",
            "readOnly": false,
            "application": false,
            "level": 2,
            "internalName": "GOVERNANCE_UNZIP_FOLDER_CRON_EXPRESSION",
            "title": "zip folder cron",
            "default": "0 0 * * * *",
            "examples": [
              "0 0 * * * *",
              "*/10 * * * * *",
              "0 0 8-10 * * *",
              "0 0 8,10 * * *",
              "0 0/30 8-10 * * *"
            ]
          },
          "unzipFolderBulkSize": {
            "description": "Size of data asset insertion batches for import/export purposes",
            "type": "number",
            "readOnly": false,
            "application": false,
            "level": 2,
            "internalName": "GOVERNANCE_IMPORT_BULK_SIZE",
            "title": "zip folder bulk size",
            "default": 1000
          },
          "refreshViewEnabled": {
            "description": "Enable/disable knowledge graph view refresh",
            "type": "boolean",
            "readOnly": false,
            "application": false,
            "level": 2,
            "internalName": "GOVERNANCE_REFRESH_RELATIONS_VIEW_ENABLED",
            "title": "Knowledge graph view refresh",
            "default": false
          },
          "refreshViewCron": {
            "description": "Cron expression that determines how frequently the knowledge graph view is refreshed",
            "type": "string",
            "readOnly": false,
            "application": false,
            "level": 2,
            "internalName": "GOVERNANCE_REFRESH_RELATIONS_VIEW_CRON_EXPRESSION",
            "title": "Knowledge graph view refresh cron",
            "default": "0 0/5 * * * *",
            "ui": {
              "visible": {
                "refreshViewEnabled": true
              }
            }
          },
          "refreshViewEnvName": {
            "description": "If a governance cross-tenant variable exists with the name of this property and a valid cron expression as a value, the knowledge graph view will be refreshed with that expression instead. If not defined or badly defined, it fallbacks to GOVERNANCE_REFRESH_RELATIONS_VIEW_CRON_EXPRESSION. If value is set to '-', the refresh will be disabled. Check the rules to define a valid expression at the documentation of org.springframework.scheduling.support.CronExpression.",
            "type": "string",
            "readOnly": false,
            "application": false,
            "level": 2,
            "internalName": "GOVERNANCE_REFRESH_RELATIONS_VIEW_ENV_NAME",
            "title": "Governance environment variable for knowledge graph view refresh",
            "default": "tasks.refreshRelationsView.cron.expression",
            "ui": {
              "visible": {
                "refreshViewEnabled": true
              }
            }
          },
          "metrics": {
            "type": "object",
            "additionalProperties": false,
            "ui": {
              "component": "accordion"
            },
            "name": "Metrics Configuration",
            "title": "",
            "description": "",
            "properties": {
              "metricsEnabled": {
                "description": "Enabled/Disabled Metrics",
                "type": "boolean",
                "readOnly": true,
                "application": false,
                "level": 2,
                "internalName": "METRICS_ENABLED",
                "title": "Enabled",
                "default": true
              },
              "metricsPort": {
                "description": "port where metrics are exposed",
                "type": "number",
                "readOnly": true,
                "application": false,
                "level": 2,
                "internalName": "METRICS_PORT",
                "title": "Port",
                "default": 8092
              }
            }
          },
          "prometheusMetrics": {
            "type": "object",
            "additionalProperties": false,
            "ui": {
              "component": "accordion"
            },
            "name": "prometheusMetrics",
            "title": "Prometheus metrics",
            "description": "Enable the Prometheus-style metrics endpoint.",
            "properties": {
              "apiMetricsPrometheusEnabled": {
                "description": "Enable the Prometheus-style metrics endpoint.",
                "type": "boolean",
                "readOnly": false,
                "application": false,
                "level": 1,
                "internalName": "API_SERVER_PROMETHEUS_ENABLED",
                "title": "Prometheus metrics",
                "default": true
              },
              "apiMetricsPrometheusChroot": {
                "description": "Application path where deploy metrics endpoint",
                "type": "string",
                "readOnly": false,
                "application": false,
                "level": 2,
                "internalName": "API_SERVER_PROMETHEUS_CHROOT",
                "title": "Endpoint root path",
                "default": "/"
              },
              "apiMetricsPrometheusPath": {
                "description": "Prometheus metrics endpoint context path.",
                "type": "string",
                "readOnly": false,
                "application": false,
                "level": 1,
                "internalName": "API_SERVER_PROMETHEUS_PATH",
                "title": "Endpoint name",
                "default": "actuator/prometheus"
              }
            },
            "required": []
          },
          "bdl": {
            "type": "object",
            "additionalProperties": false,
            "ui": {
              "component": "accordion"
            },
            "name": "bdl",
            "title": "Business Data Layer",
            "description": "",
            "properties": {
              "sqlDefinition": {
                "type": "object",
                "additionalProperties": false,
                "ui": {
                  "component": "standard"
                },
                "name": "sqlDefinition",
                "title": "SQL Definition mode configuration",
                "description": "",
                "properties": {
                  "sqlValidationEnabled": {
                    "description": "Enable/disable validation mechanism for new SQL definitions",
                    "type": "boolean",
                    "readOnly": false,
                    "application": false,
                    "level": 1,
                    "internalName": "BUSINESSLAYER_CONCEPT_SQLDEFINITION_VALIDATION_ENABLED",
                    "title": "Validation enabled",
                    "default": true
                  },
                  "sqlReservedWordsExceptions": {
                    "description": "Exceptions to the list of reserved words that are not allowed in standard SQL. You can check the list here: https://developer.mimer.com/wp-content/uploads/standard-sql-reserved-words-summary.pdf",
                    "type": "string",
                    "readOnly": false,
                    "application": false,
                    "level": 1,
                    "internalName": "BUSINESSLAYER_CONCEPT_SQLDEFINITION_VALIDATION_RESERVEDWORWSEXCEPTIONS",
                    "title": "Reserved words exceptions (upper case is mandatory):",
                    "default": "",
                    "ui": {
                      "visible": {
                        "sqlValidationEnabled": true
                      }
                    },
                    "examples": [
                      "VALUE,CUBE"
                    ]
                  },
                  "sqlHistorySize": {
                    "description": "Size of the rotary history list of the SQL definitions set by the users",
                    "type": "number",
                    "required": true,
                    "readOnly": false,
                    "application": false,
                    "level": 1,
                    "internalName": "BUSINESSLAYER_CONCEPT_SQLDEFINITION_HISTSIZE",
                    "title": "Rotary history size:",
                    "default": 10
                  }
                }
              },
              "techBulk": {
                "type": "object",
                "additionalProperties": false,
                "ui": {
                  "component": "standard"
                },
                "name": "techBulk",
                "title": "Technical view bulk configuration",
                "description": "",
                "properties": {
                  "catalogBulkSize": {
                    "title": "Technical layer insertion size (bulk mode)",
                    "description": "Size of each insertion block, when multiple tables are added to collection in bulk",
                    "internalName": "CATALOG_BULK_SIZE",
                    "type": "number",
                    "required": true,
                    "readOnly": false,
                    "application": false,
                    "level": 1,
                    "default": 200
                  }
                }
              }
            },
            "required": []
          },
          "cache": {
            "type": "object",
            "additionalProperties": false,
            "ui": {
              "component": "accordion"
            },
            "name": "cache",
            "title": "Cache",
            "description": "",
            "properties": {
              "cacheEnabled": {
                "description": "Enable/disable all caches",
                "type": "boolean",
                "readOnly": false,
                "application": false,
                "level": 1,
                "internalName": "CACHE_ENABLED",
                "title": "Cache enabled",
                "default": true
              },
              "cacheCatalog": {
                "type": "object",
                "additionalProperties": false,
                "ui": {
                  "component": "accordion",
                  "visible": {
                    "cacheEnabled": true
                  }
                },
                "name": "cacheCatalog",
                "title": "Catalog",
                "description": "Catalog of all Governance Caches",
                "properties": {
                  "genericRolePermissions": {
                    "type": "object",
                    "additionalProperties": false,
                    "ui": {
                      "component": "standard"
                    },
                    "name": "genericRolePermissions",
                    "title": "Generic Role Permissions",
                    "description": "Cache related to permissions for the generic role of the user",
                    "properties": {
                      "genericRolePermissionsExpiry": {
                        "description": "Expiry time for generic role permissions cache",
                        "type": "number",
                        "readOnly": false,
                        "application": false,
                        "level": 1,
                        "internalName": "CACHE_GENERIC_ROLE_PERMISSIONS_EXPIRY",
                        "title": "Expiry time (minutes)",
                        "default": 2
                      },
                      "genericRolePermissionsSize": {
                        "description": "Max size for generic role permissions cache",
                        "type": "number",
                        "readOnly": false,
                        "application": false,
                        "level": 1,
                        "internalName": "CACHE_GENERIC_ROLE_PERMISSIONS_SIZE",
                        "title": "Maximum size",
                        "default": 200
                      }
                    }
                  },
                  "specificRolePermissions": {
                    "type": "object",
                    "additionalProperties": false,
                    "ui": {
                      "component": "standard"
                    },
                    "name": "specificRolePermissions",
                    "title": "Specific Role Permissions",
                    "description": "Cache related to permissions for the specific role of the user/group for a certain metadata path",
                    "properties": {
                      "specificRolePermissionsExpiry": {
                        "description": "Expiry time for specific role permissions cache",
                        "type": "number",
                        "readOnly": false,
                        "application": false,
                        "level": 1,
                        "internalName": "CACHE_SPECIFIC_ROLE_PERMISSIONS_EXPIRY",
                        "title": "Expiry time (minutes)",
                        "default": 2
                      },
                      "specificRolePermissionsSize": {
                        "description": "Max size for specific role permissions cache",
                        "type": "number",
                        "readOnly": false,
                        "application": false,
                        "level": 1,
                        "internalName": "CACHE_SPECIFIC_ROLE_PERMISSIONS_SIZE",
                        "title": "Maximum size",
                        "default": 200
                      }
                    }
                  },
                  "applicableFilters": {
                    "type": "object",
                    "additionalProperties": false,
                    "ui": {
                      "component": "standard"
                    },
                    "name": "applicableFilters",
                    "title": "Applicable filters",
                    "description": "Cache related to the access to a certain permissions and its fine-grained filters when we have certain roles",
                    "properties": {
                      "applicableFiltersExpiry": {
                        "description": "Expiry time for applicable filters cache",
                        "type": "number",
                        "readOnly": false,
                        "application": false,
                        "level": 1,
                        "internalName": "CACHE_APPLICABLE_FILTERS_EXPIRY",
                        "title": "Expiry time (minutes)",
                        "default": 2
                      },
                      "applicableFiltersSize": {
                        "description": "Max size for applicable filters cache",
                        "type": "number",
                        "readOnly": false,
                        "application": false,
                        "level": 1,
                        "internalName": "CACHE_APPLICABLE_FILTERS_SIZE",
                        "title": "Maximum size",
                        "default": 200
                      }
                    }
                  },
                  "entityTypes": {
                    "type": "object",
                    "additionalProperties": false,
                    "ui": {
                      "component": "standard"
                    },
                    "name": "entityTypes",
                    "title": "Governance entity types (Dimensions)",
                    "description": "Cache related to the available Governance entity types (Dimensions)",
                    "properties": {
                      "entityTypesExpiry": {
                        "description": "Expiry time for entity types cache",
                        "type": "number",
                        "readOnly": false,
                        "application": false,
                        "level": 1,
                        "internalName": "CACHE_ENTITY_TYPES_EXPIRY",
                        "title": "Expiry time (minutes)",
                        "default": 3
                      },
                      "entityTypesSize": {
                        "description": "Max size for entity types cache",
                        "type": "number",
                        "readOnly": false,
                        "application": false,
                        "level": 1,
                        "internalName": "CACHE_ENTITY_TYPES_SIZE",
                        "title": "Maximum size",
                        "default": 1
                      }
                    }
                  },
                  "operationalAuthorization": {
                    "type": "object",
                    "additionalProperties": false,
                    "ui": {
                      "component": "standard"
                    },
                    "name": "operationalAuthorization",
                    "title": "Operational Authorization",
                    "description": "Cache related to the operational authentication endpoint",
                    "properties": {
                      "operationalAuthorizationExpiry": {
                        "description": "Expiry time for operational authentication cache",
                        "type": "number",
                        "readOnly": false,
                        "application": false,
                        "level": 1,
                        "internalName": "CACHE_OPERATIONAL_AUTHORIZATION_EXPIRY",
                        "title": "Expiry time (minutes)",
                        "default": 10
                      },
                      "operationalAuthorizationSize": {
                        "description": "Max size for operational authentication cache",
                        "type": "number",
                        "readOnly": false,
                        "application": false,
                        "level": 1,
                        "internalName": "CACHE_OPERATIONAL_AUTHORIZATION_SIZE",
                        "title": "Maximum size",
                        "default": 10
                      }
                    }
                  },
                  "applicationOwners": {
                    "type": "object",
                    "additionalProperties": false,
                    "ui": {
                      "component": "standard"
                    },
                    "name": "applicationOwners",
                    "title": "Application Owners",
                    "description": "Cache related to refresh the new applications (owners) launched after glossary-api",
                    "properties": {
                      "applicationOwnersExpiry": {
                        "description": "Expiry time for application owners cache",
                        "type": "number",
                        "readOnly": false,
                        "application": false,
                        "level": 1,
                        "internalName": "CACHE_APPLICATION_OWNERS_EXPIRY",
                        "title": "Expiry time (minutes)",
                        "default": 60
                      },
                      "applicationOwnersSize": {
                        "description": "Max size for application owners cache",
                        "type": "number",
                        "readOnly": false,
                        "application": false,
                        "level": 1,
                        "internalName": "CACHE_APPLICATION_OWNERS_SIZE",
                        "title": "Maximum size",
                        "default": 1
                      }
                    }
                  }
                }
              }
            },
            "required": []
          },
          "advancedMetrics": {
            "type": "object",
            "additionalProperties": false,
            "ui": {
              "component": "accordion"
            },
            "name": "Advanced metrics",
            "title": "Advanced metrics",
            "description": "This section control the advanced metrics. Basically it enables endpoints percentiles and advanced tomcat metrics",
            "properties": {
              "advancedMetricsEnabled": {
                "description": "Enable/disable advanced metrics",
                "type": "boolean",
                "readOnly": false,
                "application": false,
                "level": 1,
                "internalName": "ADVANCED_METRICS_ENABLED",
                "title": "Advanced metrics enabled",
                "default": true
              },
              "extraTomcatMetrics": {
                "description": "Enable/disable extra tomcat metrics",
                "type": "boolean",
                "readOnly": false,
                "application": false,
                "level": 2,
                "internalName": "SERVER_TOMCAT_MBEANREGISTRY_ENABLED",
                "title": "Advanced metrics enabled",
                "default": "${advancedMetricsEnabled}"
              },
              "endpointPercentilesMetrics": {
                "description": "Enable/disable endpoint percentiles metrics",
                "type": "boolean",
                "readOnly": false,
                "application": false,
                "level": 2,
                "internalName": "MANAGEMENT_ENDPOINT_MICROMETER_ENABLED",
                "title": "Endpoint percentiles metrics",
                "default": "${advancedMetricsEnabled}"
              }
            },
            "required": []
          }
        }
      },
      "security": {
        "type": "object",
        "additionalProperties": false,
        "ui": null,
        "name": "security",
        "title": "Security",
        "description": "Security properties for secure connection and Mutual TLS for API interactions.",
        "properties": {
          "signKeyType": {
            "type": "string",
            "readOnly": false,
            "application": false,
            "level": 2,
            "internalName": "SIGN_KEY_TYPE",
            "title": "Public jwt sign key type",
            "default": "asymmetric"
          },
          "stepTruststore": {
            "description": "Enable API communication by AdminRouter.",
            "type": "boolean",
            "readOnly": true,
            "application": false,
            "level": 2,
            "internalName": "STEP_TRUSTSTORE",
            "title": "Activate API security",
            "default": true
          },
          "stepTls": {
            "description": "Apply API TLS",
            "type": "boolean",
            "readOnly": true,
            "application": false,
            "level": 1,
            "required": true,
            "internalName": "STEP_TLS",
            "title": "Apply API TLS",
            "default": true
          },
          "applyMutualTls": {
            "description": "Mutual TLS option. Must be 'need' or 'empty' if not used.",
            "type": "string",
            "readOnly": true,
            "application": false,
            "level": 2,
            "internalName": "SERVER_SSL_CLIENT_AUTH",
            "title": "Apply mutual TLS",
            "default": "need"
          },
          "tlsAuthClientFront": {
            "description": "Authorized CNs in the whitelist for front.",
            "type": "string",
            "readOnly": false,
            "application": false,
            "required": false,
            "level": 1,
            "internalName": "AUTH_CLIENTS_FRONT",
            "title": "Auth clients Front",
            "examples": [
              "my_service.my_domain.*"
            ],
            "default": "*"
          },
          "tlsAuthClientXd": {
            "description": "Authorized CNs in the whitelist for Xd.",
            "type": "string",
            "readOnly": false,
            "application": false,
            "required": false,
            "level": 1,
            "internalName": "AUTH_CLIENTS_XD",
            "title": "Auth clients Xd",
            "examples": [
              "my_service.my_domain.*"
            ],
            "default": "*"
          },
          "tlsAuthClientSecurity": {
            "description": "Authorized CNs in the whitelist for security.",
            "type": "string",
            "readOnly": false,
            "application": false,
            "required": false,
            "level": 1,
            "internalName": "AUTH_CLIENTS_SECURITY",
            "title": "Auth clients Security",
            "examples": [
              "my_service.my_domain.*"
            ],
            "default": "*"
          },
          "tlsAuthClientLinage": {
            "description": "Authorized CNs in the whitelist for linage.",
            "type": "string",
            "readOnly": false,
            "application": false,
            "required": false,
            "level": 1,
            "internalName": "AUTH_CLIENTS_LINAGE",
            "title": "Auth clients Linage",
            "examples": [
              "my_service.my_domain.*"
            ],
            "default": "*"
          },
          "ca_bundle_path": {
            "description": "Path for the CA Bundle.",
            "type": "string",
            "readOnly": true,
            "application": false,
            "level": 2,
            "internalName": "CA_BUNDLE_PATH",
            "title": "CA Bundle path",
            "default": "ca-trust"
          },
          "ca_bundle_instance": {
            "description": "CA Bundle instance.",
            "type": "string",
            "readOnly": true,
            "application": false,
            "level": 2,
            "internalName": "CA_BUNDLE_INSTANCE",
            "title": "CA Bundle instance",
            "default": "default"
          },
          "cert_fqdn": {
            "description": "TLS Certificate FQDN's name.",
            "type": "string",
            "readOnly": true,
            "application": false,
            "level": 1,
            "internalName": "TLS_CERT_FQDN",
            "title": "TLS Certificate FQDN",
            "default": "${Application.id}"
          },
          "cert_path": {
            "description": "TLS Certificate's path.",
            "type": "string",
            "readOnly": true,
            "application": false,
            "level": 2,
            "internalName": "TLS_CERT_PATH",
            "title": "TLS Certificate path",
            "default": "${Application.id}"
          },
          "tenantSecurityEnabled": {
            "description": "Whether or not enable Governance tenant security",
            "type": "boolean",
            "required": true,
            "readOnly": true,
            "application": false,
            "level": 1,
            "internalName": "COMMONS_SECURITY_TENANT_ENABLED",
            "title": "Enable Governance tenant security",
            "default": true
          },
          "cookieLessNavigationEnabled": {
            "description": "Whether or not enable Cookie-less navigation",
            "type": "boolean",
            "required": true,
            "readOnly": true,
            "application": false,
            "level": 1,
            "internalName": "COMMONS_SECURITY_COOKIELESS_NAVIGATION_ENABLED",
            "title": "Enable Cookie-less navigation",
            "default": true
          },
          "cookieName": {
            "description": "Cookie name.",
            "type": "string",
            "required": true,
            "readOnly": true,
            "application": false,
            "level": 2,
            "internalName": "COOKIE_NAME",
            "title": "Cookie name",
            "default": "stratio-cookie"
          },
          "roleProfileAuthorizationEnabled": {
            "description": "Whether or not enable endpoint authorization based on active roles",
            "type": "boolean",
            "required": true,
            "readOnly": true,
            "application": false,
            "level": 1,
            "internalName": "ROLE_PROFILE_AUTHORIZATION_ENABLED",
            "title": "Role-based authorization",
            "default": true
          },
          "roleProfileSpecificEnabled": {
            "description": "Whether or not enable specific authorization based on active roles and asset path",
            "type": "boolean",
            "required": true,
            "readOnly": true,
            "application": false,
            "level": 1,
            "internalName": "ROLE_PROFILE_SPECIFIC_ENABLED",
            "title": "Specific Role-based authorization",
            "default": true
          },
          "roleProfileFilterEnabled": {
            "description": "Whether or not filter data based on active roles",
            "type": "boolean",
            "required": true,
            "readOnly": true,
            "application": false,
            "level": 1,
            "internalName": "ROLE_PROFILE_FILTER_ENABLED",
            "title": "Role-based data filtering",
            "default": true
          },
          "roleProfileCookielessDefaultRoleEnabled": {
            "description": "Whether or not set a default role (Service) in cookieless or M2M cases",
            "type": "boolean",
            "required": true,
            "readOnly": true,
            "application": false,
            "level": 1,
            "internalName": "ROLE_PROFILE_COOKIELESS_DEFAULT_ROLE_ENABLED",
            "title": "Role-based cookieless default role enabled",
            "default": true
          },
          "gosecIdentitiesEnabled": {
            "description": "Enable connection to gosec-identities-daas service",
            "type": "boolean",
            "required": true,
            "readOnly": true,
            "application": false,
            "level": 1,
            "internalName": "SECURITY_GOSEC_IDENTITIES_ENABLED",
            "title": "Gosec Identities connection enabled",
            "default": true
          },
          "gosecIdentitiesHost": {
            "description": "Host of the gosec-identities-service to connect",
            "type": "string",
            "required": true,
            "readOnly": true,
            "application": false,
            "level": 2,
            "internalName": "SECURITY_GOSEC_IDENTITIES_URL",
            "title": "Gosec Identities Host",
            "default": "https://gosec-identities-daas.keos-core:8443"
          },
          "xssBehaviour": {
            "description": "Enable protection against XSS attacks",
            "type": "boolean",
            "required": false,
            "readOnly": false,
            "application": false,
            "level": 1,
            "internalName": "PREVENT_MALICIOUS_CODE_FROM_REQUESTS",
            "title": "Prevent XSS attacks on requests",
            "default": true
          },
          "xssSanitizeRequest": {
            "description": "If true, enables sanitation content on requests instead of returns a Bad Request code error",
            "type": "boolean",
            "required": false,
            "readOnly": false,
            "application": false,
            "level": 1,
            "internalName": "ENABLED_XSS_SANITIZATION_INSTEAD_BADREQUEST",
            "title": "Sanitize XSS attacks on requests",
            "default": false
          }
        }
      },
      "environment": {
        "type": "object",
        "additionalProperties": false,
        "ui": null,
        "name": "environment",
        "title": "Environment",
        "description": "Vault configuration properties.",
        "properties": {
          "vault": {
            "type": "object",
            "additionalProperties": false,
            "ui": {
              "component": "standard"
            },
            "name": "vault",
            "title": "Vault",
            "description": "",
            "properties": {
              "step_secrets": {
                "description": "Enable vault access",
                "type": "boolean",
                "readOnly": true,
                "application": false,
                "level": 2,
                "internalName": "STEP_SECRETS",
                "title": "Active vault access",
                "default": true
              },
              "vhosts": {
                "description": "Hostname of the node that contains the Vault service. IMPORTANT: It's not necessary if dynamic authentication is enabled.",
                "type": "string",
                "readOnly": true,
                "application": false,
                "level": 1,
                "internalName": "VAULT_HOSTS",
                "title": "Vault hosts",
                "default": "${globals.vault.vaultHost}"
              },
              "vaultPort": {
                "description": "Port where Vault Server is listening within the host defined in VAULT_HOSTS parameter. It is usually 8200.",
                "type": "number",
                "readOnly": true,
                "application": false,
                "level": 1,
                "internalName": "VAULT_PORT",
                "title": "Vault port",
                "default": "${globals.vault.vaultPort}"
              },
              "vaultPath": {
                "description": "Default Vault path to store the secrets.",
                "type": "string",
                "readOnly": true,
                "application": false,
                "level": 2,
                "internalName": "VAULT_PATH",
                "title": "Vault path",
                "default": "userland"
              }
            }
          },
          "sso": {
            "type": "object",
            "additionalProperties": false,
            "ui": {
              "component": "standard"
            },
            "name": "sso",
            "title": "Single Sign On",
            "description": "Single Sign On configuration properties.",
            "properties": {
              "ssoEnabled": {
                "description": "Enable SSO on Governance",
                "type": "boolean",
                "readOnly": true,
                "application": false,
                "level": 1,
                "internalName": "STEP_OAUTH2",
                "title": "Sso enabled",
                "ui": {
                  "updatable": false
                },
                "default": true
              },
              "securityOauthJwtInstance": {
                "description": "Security Oauth2 Jwt Instance.",
                "type": "string",
                "readOnly": true,
                "application": false,
                "level": 2,
                "internalName": "SECURITY_OAUTH2_JWT_INSTANCE",
                "title": "Security Oauth2 Jwt Instance",
                "default": "public"
              },
              "securityOauthJwtPath": {
                "description": "Security Oauth2 Jwt Path.",
                "type": "string",
                "readOnly": true,
                "application": false,
                "level": 2,
                "internalName": "SECURITY_OAUTH2_JWT_PATH",
                "title": "Security Oauth2 Jwt Instance",
                "default": "ingress-nginx-controller.keos-ingress/jwt-keys"
              },
              "securityOauthJwtCluster": {
                "description": "Security Oauth2 Jwt Cluster.",
                "type": "string",
                "readOnly": true,
                "application": false,
                "level": 2,
                "internalName": "SECURITY_OAUTH2_JWT_CLUSTER",
                "title": "Security Oauth2 Jwt Instance",
                "default": "userland"
              }
            }
          }
        }
      }
    }
  },
  "lifecycles": {
    "install": {
      "start": [
        {
          "label": "Print install start log",
          "type": "io/print",
          "text": "Lifecycle: Install/start"
        },
        {
          "label": "ServiceId: ${serviceId}  -  ApplicationId: ${Application.id}  -  Tenant: ${tenantId}  -  Namespace: ${k8sNamespace}  -  ClusterId: ${cluster_id}  -  Admin FQDN: ${admin_fqdn}",
          "type": "io/print",
          "text": "Application.name: ${Application.name} - ServiceId: ${serviceId}  -  ApplicationId: ${Application.id}  -  Tenant: ${tenantId}  -  Namespace: ${k8sNamespace}  -  ClusterId: ${cluster_id}  -  Admin FQDN: ${admin_fqdn}"
        },
        {
          "label": "Init secrets creation log",
          "type": "io/print",
          "text": "------------- Instance secrets creation --------------"
        },
        {
          "label": "=> Secrets Creation during install: Creating instance certificate for dg-bootstrap",
          "type": "secret/certificate",
          "path": "/userland/certificates/dg-bootstrap.${k8sNamespace}",
          "secretName": "dg-bootstrap",
          "commonName": "dg-bootstrap",
          "altNames": "${serviceId}-${k8sNamespace}, ${serviceId}-${k8sNamespace}.${k8sNamespace}, *.${k8sNamespace}"
        },
        {
          "label": "=> Secrets Creation during install: Creating instance certificate for dg-agent",
          "type": "secret/certificate",
          "path": "/userland/certificates/dg-agent.${k8sNamespace}",
          "secretName": "dg-agent",
          "commonName": "dg-agent",
          "altNames": "${serviceId}-${k8sNamespace}, ${serviceId}-${k8sNamespace}.${k8sNamespace}, *.${k8sNamespace}"
        },
        {
          "label": "=> Secrets Creation during install: Creating instance certificate for ${Application.id}",
          "type": "secret/certificate",
          "path": "/userland/certificates/${Application.id}",
          "secretName": "${Application.id}",
          "commonName": "${Application.id}",
          "altNames": "${serviceId}-${k8sNamespace}, ${serviceId}-${k8sNamespace}.${k8sNamespace}, *.${k8sNamespace}"
        },
        {
          "label": "=> install_start_secretsCreation_cookieSecret: Creating cookie secret",
          "type": "secret/password",
          "path": "/userland/passwords/${Application.id}",
          "secretName": "keystore",
          "password": "${randomString(40)}"
        },
        {
          "label": "=> install_start_secrets Creation_jwtSecret: Jwt signing key",
          "type": "secret/password",
          "path": "/userland/passwords/${Application.id}",
          "secretName": "${securityOauthJwtInstance}",
          "password": "${randomString(40)}"
        },
        {
          "label": "=> install_start_secretsCreation_ssoOauthPass: Password Oauth",
          "type": "secret/password",
          "path": "/userland/passwords/${Application.id}",
          "secretName": "oauthinfo",
          "user": "${Application.id}-oauth-id",
          "password": "${randomString(40)}"
        },
        {
          "label": "End secrets creation log",
          "type": "io/print",
          "text": "------------- End identity secrets creation --------------"
        },
        {
          "type": "labels/upsert",
          "scope": "service,deployment",
          "labels": "[{\"key\":\"app.kubernetes.io/component\", \"value\":\"${Application.name}\"}]"
        },
        {
          "name": "prometheusIdentifierValue",
          "type": "core/var",
          "value": "${Application.id}_${randomString(20)}"
        },
        {
          "type": "labels/upsert",
          "scope": "service,deployment",
          "labels": "[{\"key\":\"governance-prometheus-selector\", \"value\":\"${prometheusIdentifierValue}\"}]"
        },
        {
          "type": "kubernetes/customresource/create",
          "apiVersion": "secrets.stratio.com/v1",
          "kind": "SecretsIdentity",
          "plural": "SecretsIdentities",
          "name": "${Application.name}",
          "namespace": "keos-core",
          "spec": "{\"bundles\":[\"${Application.name}\",\"dg-bootstrap\",\"dg-agent\"],\"subject\":{\"kind\":\"ServiceAccount\",\"name\":\"${Application.name}\",\"namespace\":\"keos-core\"}}",
          "enabled": "true"
        },
        {
          "type": "kubernetes/customresource/create",
          "apiVersion": "secrets.stratio.com/v2beta1",
          "kind": "SecretsIdentity",
          "plural": "SecretsIdentities",
          "name": "${Application.name}",
          "namespace": "keos-ingress",
          "spec": "{\"bundles\":[{\"name\":\"ingress-nginx-controller\",\"passwords\":[{\"name\":\"jwt-keys\",\"subPath\":\"public\"}]}],\"subject\":{\"kind\":\"ServiceAccount\",\"name\":\"${Application.name}\",\"namespace\":\"${Application.domain}\"}}",
          "enabled": "true"
        },
        {
          "type": "time/sleep",
          "millis": "5000"
        }
      ],
      "install/pre": [
        {
          "label": "Print install pre task log",
          "type": "io/print",
          "text": "Printing install pre task log"
        }
      ],
      "install/post": [
        {
          "label": "Print install post task log",
          "type": "io/print",
          "text": "Printing install post task log"
        }
      ],
      "install/finalize": [
        {
          "label": "Print install finalize task log",
          "type": "io/print",
          "text": "Printing install finalize task log"
        }
      ],
      "finish": [
        {
          "label": "Print install finish log",
          "type": "io/print",
          "text": "Printing install finish log"
        }
      ]
    },
    "update": {
      "start": [
        {
          "label": "Print update start log",
          "type": "io/print",
          "text": "Printing update start log"
        }
      ],
      "update/pre": [
        {
          "label": "Print update pre task log",
          "type": "io/print",
          "text": "Printing update pre task log"
        }
      ],
      "update/post": [
        {
          "label": "Print update post task log",
          "type": "io/print",
          "text": "Printing update post task log"
        }
      ],
      "update/finalize": [
        {
          "label": "Print update finalize task log",
          "type": "io/print",
          "text": "Printing update finalize task log"
        }
      ],
      "finish": [
        {
          "label": "Print update finish log",
          "type": "io/print",
          "text": "Printing update finish log"
        }
      ]
    },
    "upgrade": {
      "start": [
        {
          "label": "Print upgrade start log",
          "type": "io/print",
          "text": "Printing upgrade start log"
        }
      ],
      "upgrade/pre": [
        {
          "label": "Print upgrade pre task log",
          "type": "io/print",
          "text": "Printing upgrade pre task log"
        }
      ],
      "upgrade/post": [
        {
          "label": "Print upgrade post task log",
          "type": "io/print",
          "text": "Printing upgrade post task log"
        }
      ],
      "upgrade/finalize": [
        {
          "label": "Print upgrade finalize task log",
          "type": "io/print",
          "text": "Printing upgrade finalize task log"
        }
      ],
      "finish": [
        {
          "label": "Print upgrade finish log",
          "type": "io/print",
          "text": "Printing upgrade finish log"
        }
      ]
    },
    "restart": {
      "start": [
        {
          "label": "Print restart start log",
          "type": "io/print",
          "text": "Printing restart start log"
        }
      ],
      "restart/pre": [
        {
          "label": "Print restart pre task log",
          "type": "io/print",
          "text": "Printing restart pre task log"
        }
      ],
      "restart/post": [
        {
          "label": "Print restart post task log",
          "type": "io/print",
          "text": "Printing restart post task log"
        }
      ],
      "restart/finalize": [
        {
          "label": "Print restart finalize task log",
          "type": "io/print",
          "text": "Printing restart finalize task log"
        }
      ],
      "finish": [
        {
          "label": "Print restart finish log",
          "type": "io/print",
          "text": "Printing restart finish log"
        }
      ]
    },
    "uninstall": {
      "start": [
        {
          "label": "Print uninstall start log",
          "type": "io/print",
          "text": "Printing uninstall start log"
        }
      ],
      "uninstall/pre": [
        {
          "label": "Print uninstall pre task log",
          "type": "io/print",
          "text": "Printing uninstall pre task log"
        }
      ],
      "uninstall/post": [
        {
          "label": "Print uninstall post task log",
          "type": "io/print",
          "text": "Printing uninstall post task log"
        }
      ],
      "uninstall/finalize": [
        {
          "label": "Print uninstall finalize task log",
          "type": "io/print",
          "text": "Printing uninstall finalize task log"
        }
      ],
      "finish": [
        {
          "label": "Print uninstall finish log",
          "type": "io/print",
          "text": "Printing uninstall finish log"
        }
      ]
    }
  }
}
