{
  "data": {
    "serviceName": "connectors-management",
    "model": "connectors-management-service-default",
    "version": "13.2.0",
    "description": "Metadata repository of artifacts needed to connect to a data source",
    "framework": false,
    "highAvailability": true,
    "healthChecks": {
      "tcp": [],
      "http": [
        {
          "gracePeriodSeconds": 5,
          "intervalSeconds": 15,
          "maxConsecutiveFailures": 25,
          "timeoutSeconds": 10,
          "delaySeconds": 15,
          "portIndex": 0,
          "protocol": "HTTP",
          "ignoreHttp1xx": false,
          "path": "/health"
        }
      ],
      "command": []
    },
    "networking": {
      "expose": [
        {
          "portIndex": 0,
          "vhost": "${connectorsServerHost}",
          "redirectHttpToHttps": true,
          "includePortName": false,
          "path": "",
          "sticky": false,
          "external": true,
          "schema": "https",
          "nginx.ingress.kubernetes.io/backend-protocol": "HTTP",
          "nginx.ingress.kubernetes.io/proxy-body-size": 0,
          "nginx.ingress.kubernetes.io/rewrite-target": "/$2",
          "nginx.ingress.kubernetes.io/proxy-connect-timeout": 300,
          "nginx.ingress.kubernetes.io/proxy-send-timeout": 300,
          "nginx.ingress.kubernetes.io/proxy-read-timeout": 300,
          "nginx.ingress.kubernetes.io/x-forwarded-prefix": "/${serviceId}"
        }
      ],
      "network": {
        "networkType": "user",
        "ports": [
          {
            "servicePort": 8080,
            "containerPort": 8080,
            "protocol": "tcp",
            "name": "connectors-port"
          }
        ],
        "requirePorts": false
      }
    },
    "container": {
      "runners": [
        {
          "typeClass": "com.stratio.tais.persistence.model.service.container.DockerRunner",
          "image": "${eos.dockerRegistry}/connectors:1.1.1",
          "forcePullImage": true,
          "privileged": false
        }
      ],
      "volumes": [
        {
          "name": "data",
          "type": "persistentVolume",
          "mode": "READ_WRITE",
          "containerPath": "/data",
          "size": 2048
        }
      ]
    }
  },
  "parameters": {
    "type": "object",
    "additionalProperties": false,
    "properties": {
      "general": {
        "type": "object",
        "additionalProperties": false,
        "ui": {
          "component": "standard"
        },
        "name": "general",
        "title": "General",
        "description": "Tab to configure the default deployment of connectors management.",
        "properties": {
          "serviceId": {
            "description": "Service name for your connectors universe instance.",
            "type": "string",
            "required": true,
            "readOnly": false,
            "pattern": "^[a-z]([-a-z0-9]*[a-z0-9])?$",
            "internalName": "SERVICE_ID",
            "ui": {
              "updatable": false
            },
            "title": "Service id",
            "default": "connectors",
            "examples": [
              "connectors"
            ]
          },
          "serviceName": {
            "description": "Service ID used to name the connectors management service instance.",
            "type": "string",
            "required": true,
            "readOnly": true,
            "application": true,
            "internalName": "SERVICE_NAME",
            "ui": {
              "updatable": false
            },
            "title": "Service name",
            "default": "${Application.id}"
          },
          "sqliteDatabaseFilename": {
            "type": "string",
            "required": false,
            "readOnly": false,
            "level": 2,
            "internalName": "SQLITE_DATABASE_NAME",
            "title": "Database file name",
            "default": "connectors.sqlite"
          },
          "sqliteUser": {
            "type": "string",
            "required": false,
            "readOnly": false,
            "level": 2,
            "internalName": "SQLITE_DATABASE_USER",
            "title": "Database user",
            "default": ""
          },
          "sqlitePassword": {
            "type": "string",
            "required": false,
            "readOnly": false,
            "level": 2,
            "internalName": "SQLITE_DATABASE_PASSWORD",
            "title": "Database password",
            "default": ""
          },
          "sqliteDatabasePath": {
            "type": "string",
            "required": false,
            "readOnly": false,
            "level": 2,
            "internalName": "SQLITE_PATH",
            "title": "Database file path",
            "default": "/data/"
          },
          "artifactsPath": {
            "type": "string",
            "required": false,
            "readOnly": false,
            "level": 2,
            "internalName": "FILESYSTEM_ROOTPATH",
            "title": "Artifacts files path",
            "default": "/data/artifacts/"
          },
          "resources": {
            "type": "object",
            "additionalProperties": false,
            "ui": {
              "component": "accordion"
            },
            "name": "resources",
            "title": "Resource's management.",
            "description": "",
            "properties": {
              "INSTANCES": {
                "description": "Instances for the service.",
                "type": "number",
                "required": true,
                "readOnly": false,
                "application": true,
                "level": 1,
                "internalName": "INSTANCES",
                "title": "Instances",
                "default": 1
              },
              "DISK": {
                "description": "Disk allocation in MB for the service.",
                "type": "number",
                "required": false,
                "readOnly": false,
                "application": true,
                "level": 2,
                "internalName": "DISK",
                "title": "Disk (MB)",
                "default": 512
              },
              "CPUs": {
                "description": "CPUs for the service",
                "type": "number",
                "required": true,
                "readOnly": false,
                "application": true,
                "level": 1,
                "internalName": "CPUs",
                "title": "CPUs",
                "default": 1
              },
              "MEM": {
                "description": "The amount of memory in MB that is needed for the application per instance.",
                "type": "integer",
                "required": true,
                "readOnly": false,
                "application": true,
                "level": 1,
                "internalName": "MEM",
                "title": "Memory (MB)",
                "default": 1024
              }
            },
            "required": [
              "CPUs",
              "MEM",
              "INSTANCES"
            ]
          }
        }
      },
      "networking": {
        "type": "object",
        "additionalProperties": false,
        "ui": null,
        "name": "networking",
        "title": "Networking",
        "properties": {
          "connectorsServerHost": {
            "description": "URL host to access to your Connector management instance.",
            "type": "string",
            "required": false,
            "readOnly": true,
            "application": false,
            "level": 1,
            "internalName": "VIRTUAL_HOST",
            "examples": [
              "public.kubernetes.stratio.com",
              "connectors.k8s.xxx.labs.stratio.com"
            ],
            "ui": {
              "updatable": false
            },
            "title": "URI host (in Stratio labs is any subdomain of xxx.labs.stratio.com i.e. connectors.k8s.xxx.labs.stratio.com)",
            "default": "${serviceId}.${tenantId}.${external_domain}"
          }
        }
      },
      "settings": {
        "type": "object",
        "additionalProperties": false,
        "ui": null,
        "name": "settings",
        "title": "Settings",
        "description": "API advanced configuration",
        "properties": {
          "serviceLogLevel": {
            "type": "string",
            "readOnly": false,
            "application": true,
            "globalParameter": "userland.env.logLevel",
            "internalName": "CONNECTORS_MANAGEMENT_LOG_LEVEL",
            "title": "Connectors management log level",
            "description": "Log level of the application.",
            "enum": [
              "TRACE",
              "DEBUG",
              "INFO",
              "WARN",
              "ERROR",
              "FATAL"
            ],
            "default": "INFO"
          }
        }
      },
      "environment": {
        "type": "object",
        "additionalProperties": false,
        "ui": {
          "component": "standard"
        },
        "name": "environment",
        "title": "Environment",
        "description": "",
        "properties": {
          "vault": {
            "type": "object",
            "additionalProperties": false,
            "ui": null,
            "name": "vault",
            "title": "Vault",
            "description": "vault",
            "properties": {
              "vaultHost": {
                "description": "Host where the Vault is running on",
                "type": "string",
                "readOnly": true,
                "application": false,
                "level": 1,
                "internalName": "VAULT_HOST",
                "title": "Vault host",
                "default": "${globals.vault.vaultHost}"
              },
              "vaultPort": {
                "description": "Port where the Vault is listening on",
                "type": "integer",
                "readOnly": true,
                "application": false,
                "level": 1,
                "internalName": "VAULT_PORT",
                "title": "Vault port",
                "default": "${globals.vault.vaultPort}"
              }
            }
          }
        }
      }
    }
  },
  "lifecycles": {
    "install": {
      "start": [
        {
          "label": "Print install start log",
          "type": "io/print",
          "text": "Lifecycle: Install/start"
        },
        {
          "label": "Init secrets creation log",
          "type": "io/print",
          "text": "------------- Instance secrets creation --------------"
        },
        {
          "label": "Init secrets creation log",
          "type": "io/print",
          "text": "------------- Gosec users creation --------------"
        },
        {
          "label": "Database creation",
          "type": "io/print",
          "text": "------------- Database creation --------------"
        },
        {
          "label": "Policies creation",
          "type": "io/print",
          "text": "------------- Policies creation --------------"
        },
        {
          "type": "labels/upsert",
          "scope": "service,deployment",
          "labels": "[{\"key\":\"app.kubernetes.io/component\", \"value\":\"${Application.name}\"}]"
        },
        {
          "type": "kubernetes/customresource/create",
          "apiVersion": "monitoring.coreos.com/v1",
          "kind": "PodMonitor",
          "name": "${Application.id}",
          "namespace": "keos-metrics",
          "spec": "{\"podMetricsEndpoints\": [{\"interval\": \"5s\",\"port\": \"connectors-port\",\"path\": \"${apiMetricsPath}\",\"scheme\": \"http\"}],\"namespaceSelector\": {\"matchNames\": [\"${Application.domain}\"]},\"selector\": {\"matchLabels\": {\"governance-prometheus-selector\": \"${prometheusIdentifierValue}\"}}}",
          "annotations": "{\"meta.helm.sh/release-name\": \"core-prometheus\", \"meta.helm.sh/release-namespace\": \"keos-metrics\"}",
          "labels": "{\"app\": \"kube-prometheus-stack-prometheus\", \"app.kubernetes.io/managed-by\": \"Helm\", \"chart\": \"kube-prometheus-stack-10.1.1\", \"heritage\": \"Helm\", \"release\": \"core-prometheus\"}",
          "enabled": "${apiMetricsPrometheusEnabled}"
        },
        {
          "type": "time/sleep",
          "millis": "5000"
        }
      ],
      "install/pre": [
        {
          "label": "Print install pre task log",
          "type": "io/print",
          "text": "Printing install pre task log"
        }
      ],
      "install/post": [
        {
          "label": "Print install post task log",
          "type": "io/print",
          "text": "Printing install post task log"
        },
        {
          "label": "=> Wait another 10s until everything is configured...",
          "type": "time/sleep",
          "millis": "10000"
        }
      ],
      "install/finalize": [
        {
          "label": "Print install finalize task log",
          "type": "io/print",
          "text": "Printing install finalize task log"
        }
      ],
      "finish": [
        {
          "label": "Print install finish log",
          "type": "io/print",
          "text": "Printing install finish log"
        }
      ]
    },
    "update": {
      "start": [
        {
          "label": "Print update start log",
          "type": "io/print",
          "text": "Printing update start log"
        }
      ],
      "update/pre": [
        {
          "label": "Print update pre task log",
          "type": "io/print",
          "text": "Printing update pre task log"
        }
      ],
      "update/post": [
        {
          "label": "Print update post task log",
          "type": "io/print",
          "text": "Printing update post task log"
        }
      ],
      "update/finalize": [
        {
          "label": "Print update finalize task log",
          "type": "io/print",
          "text": "Printing update finalize task log"
        }
      ],
      "finish": [
        {
          "label": "Print update finish log",
          "type": "io/print",
          "text": "Printing update finish log"
        }
      ]
    },
    "upgrade": {
      "start": [
        {
          "label": "Print upgrade start log",
          "type": "io/print",
          "text": "Printing upgrade start log"
        }
      ],
      "upgrade/pre": [
        {
          "label": "Print upgrade pre task log",
          "type": "io/print",
          "text": "Printing upgrade pre task log"
        }
      ],
      "upgrade/post": [
        {
          "label": "Print upgrade post task log",
          "type": "io/print",
          "text": "Printing upgrade post task log"
        }
      ],
      "upgrade/finalize": [
        {
          "label": "Print upgrade finalize task log",
          "type": "io/print",
          "text": "Printing upgrade finalize task log"
        }
      ],
      "finish": [
        {
          "label": "Print upgrade finish log",
          "type": "io/print",
          "text": "Printing upgrade finish log"
        }
      ]
    },
    "restart": {
      "start": [
        {
          "label": "Print restart start log",
          "type": "io/print",
          "text": "Printing restart start log"
        }
      ],
      "restart/pre": [
        {
          "label": "Print restart pre task log",
          "type": "io/print",
          "text": "Printing restart pre task log"
        }
      ],
      "restart/post": [
        {
          "label": "Print restart post task log",
          "type": "io/print",
          "text": "Printing restart post task log"
        }
      ],
      "restart/finalize": [
        {
          "label": "Print restart finalize task log",
          "type": "io/print",
          "text": "Printing restart finalize task log"
        }
      ],
      "finish": [
        {
          "label": "Print restart finish log",
          "type": "io/print",
          "text": "Printing restart finish log"
        }
      ]
    },
    "uninstall": {
      "start": [
        {
          "label": "Print uninstall start log",
          "type": "io/print",
          "text": "Printing uninstall start log"
        }
      ],
      "uninstall/pre": [
        {
          "label": "Print uninstall pre task log",
          "type": "io/print",
          "text": "Printing uninstall pre task log"
        }
      ],
      "uninstall/post": [
        {
          "label": "Print uninstall post task log",
          "type": "io/print",
          "text": "Printing uninstall post task log"
        }
      ],
      "uninstall/finalize": [
        {
          "label": "Print uninstall finalize task log",
          "type": "io/print",
          "text": "Printing uninstall finalize task log"
        }
      ],
      "finish": [
        {
          "label": "Print uninstall finish log",
          "type": "io/print",
          "text": "Printing uninstall finish log"
        }
      ]
    }
  }
}
